direction,position,mean,std,count,family,instrument
block_ab,0,0.010223529260838405,0.12678528496062438,10,polysemy,lens
block_ab,1,-0.08960041318205185,0.09162988878441593,10,polysemy,lens
block_ab,2,-0.08581643756479025,0.08410262697858319,10,polysemy,lens
block_ab,3,-0.061045381939038634,0.050617353521156386,10,polysemy,lens
block_ab,4,-0.0944675705395639,0.06362417237304478,10,polysemy,lens
block_ab,5,-0.039546568877995014,0.035172836946247114,10,polysemy,lens
block_ab,6,-0.045499644523079044,0.03513746031621243,10,polysemy,lens
block_ab,7,-0.04011365426704287,0.02766232969609868,10,polysemy,lens
block_ab,8,-0.05206843884661794,0.06579440134785958,10,polysemy,lens
block_ab,9,-0.07681143917143345,0.06245523746760416,10,polysemy,lens
block_ab,10,-0.04911635750904679,0.04050367673286365,10,polysemy,lens
block_ab,11,-0.05435227515990846,0.05482022622093771,10,polysemy,lens
block_ab,12,-0.03370022773742676,0.025552451703233347,10,polysemy,lens
block_ab,13,-0.048769949772395196,0.057770842335941194,10,polysemy,lens
block_ab,14,-0.06353506511077285,0.039211887893847594,10,polysemy,lens
block_ab,15,-0.0629541700705886,0.04584736643272805,10,polysemy,lens
block_ab,16,-0.04880364453420043,0.03247636407161021,10,polysemy,lens
block_ab,17,-0.03223267178982496,0.039204429874779755,10,polysemy,lens
block_ab,18,-0.07352762105874718,0.06286751607541337,10,polysemy,lens
block_ab,19,-0.04138293559662998,0.029949826259136638,10,polysemy,lens
block_ab,20,0.3737315397709608,0.3478919163865534,10,polysemy,lens
block_ab,21,0.5026356050744653,0.18552733882952346,10,polysemy,lens
block_ab,22,0.8460283756256104,0.21669423521015374,10,polysemy,lens
block_ab,23,0.682832556962967,0.17054212115528591,10,polysemy,lens
block_ab,24,0.7062276393175125,0.2128879124333556,10,polysemy,lens
block_ab,25,0.6776946790516376,0.3088215100519114,10,polysemy,lens
block_ab,26,0.8148963153362274,0.2444918954685915,10,polysemy,lens
block_ab,27,0.7239906683564186,0.2689037190639799,10,polysemy,lens
block_ab,28,0.7800038099288941,0.1863283361451406,10,polysemy,lens
block_ab,29,0.8391524910926819,0.27995887492486726,10,polysemy,lens
block_ab,30,0.7356488421559334,0.281172216068826,10,polysemy,lens
block_ab,31,0.8279220402240753,0.21130784543566614,10,polysemy,lens
block_ab,32,0.9120652779936791,0.2656668006655276,10,polysemy,lens
block_ab,33,0.7937077477574348,0.28484632253075415,10,polysemy,lens
block_ab,34,0.9161138713359833,0.16068499468987707,10,polysemy,lens
block_ab,35,0.8151787832379341,0.2985933743878283,10,polysemy,lens
block_ab,36,0.882159948348999,0.3058090854678769,10,polysemy,lens
block_ab,37,0.899445903301239,0.18587204930087461,10,polysemy,lens
block_ab,38,0.7027665868401527,0.3945386300504415,10,polysemy,lens
block_ab,39,0.5830134234391153,0.4754399478793265,10,polysemy,lens
block_ba,0,0.9573462903499603,0.0739069717110383,10,polysemy,lens
block_ba,1,1.051670140028,0.08642384889462176,10,polysemy,lens
block_ba,2,1.0488864481449127,0.08806952516081298,10,polysemy,lens
block_ba,3,1.0114662647247314,0.09725201027337514,10,polysemy,lens
block_ba,4,1.0363828480243682,0.10499190760656374,10,polysemy,lens
block_ba,5,1.0017383813858032,0.06535763812450972,10,polysemy,lens
block_ba,6,0.9869841456413269,0.06842400136486552,10,polysemy,lens
block_ba,7,1.0376657366752624,0.03395462623088151,10,polysemy,lens
block_ba,8,0.9937641441822052,0.11577523772381754,10,polysemy,lens
block_ba,9,1.035354059934616,0.08658919160941937,10,polysemy,lens
block_ba,10,1.0257383465766907,0.07896782311102907,10,polysemy,lens
block_ba,11,0.974584698677063,0.14331821495153116,10,polysemy,lens
block_ba,12,1.02554292678833,0.08959069641538424,10,polysemy,lens
block_ba,13,1.0110307037830353,0.0941789824535055,10,polysemy,lens
block_ba,14,1.037881225347519,0.07180208125726621,10,polysemy,lens
block_ba,15,1.002436751127243,0.14251693558658027,10,polysemy,lens
block_ba,16,0.9942357420921326,0.08588127744905867,10,polysemy,lens
block_ba,17,1.0132666289806367,0.09996918239215971,10,polysemy,lens
block_ba,18,0.9955653965473175,0.09544609690212923,10,polysemy,lens
block_ba,19,1.0221682071685791,0.06676958463143202,10,polysemy,lens
block_ba,20,0.4302129805088043,0.2500249644066579,10,polysemy,lens
block_ba,21,0.40107262060046195,0.35566446914287314,10,polysemy,lens
block_ba,22,0.21239793282002212,0.2658797748880381,10,polysemy,lens
block_ba,23,0.2020621992647648,0.26055820200074775,10,polysemy,lens
block_ba,24,0.20287235896103084,0.26102890233207,10,polysemy,lens
block_ba,25,0.1785787135362625,0.30600841010028507,10,polysemy,lens
block_ba,26,0.05484124105423689,0.1791677791576231,10,polysemy,lens
block_ba,27,0.12130585950799286,0.22101677155397062,10,polysemy,lens
block_ba,28,0.17548108641058208,0.25946680512909887,10,polysemy,lens
block_ba,29,0.03830914149293676,0.21873828958768388,10,polysemy,lens
block_ba,30,0.07704584994353354,0.1865387079117874,10,polysemy,lens
block_ba,31,0.04470063494518399,0.19859592260998082,10,polysemy,lens
block_ba,32,0.09262002184987068,0.185705857253117,10,polysemy,lens
block_ba,33,0.05112334684235975,0.19142700949678565,10,polysemy,lens
block_ba,34,0.0013389753177762032,0.13766524380997733,10,polysemy,lens
block_ba,35,-0.031393124256283045,0.052993422800898776,10,polysemy,lens
block_ba,36,-0.03418532158248126,0.03265418952015511,10,polysemy,lens
block_ba,37,0.035588992317207156,0.12868532673512456,10,polysemy,lens
block_ba,38,-0.028752247896045448,0.041378046425996524,10,polysemy,lens
block_ba,39,0.0023471338674426077,0.09398542382205499,10,polysemy,lens
block_ab,0,-1.261565810441971,0.4240791915610181,10,polysemy,raw
block_ab,1,-1.7314891934394836,0.36390188706870913,10,polysemy,raw
block_ab,2,-1.651498806476593,0.3882642580346705,10,polysemy,raw
block_ab,3,-1.7207323789596558,0.34389541701088727,10,polysemy,raw
block_ab,4,-1.775803554058075,0.3007732065930534,10,polysemy,raw
block_ab,5,-1.5305644750595093,0.35170811822755577,10,polysemy,raw
block_ab,6,-1.470344614982605,0.365347808322835,10,polysemy,raw
block_ab,7,-1.406830620765686,0.14712358539316162,10,polysemy,raw
block_ab,8,-1.6988989472389222,0.28911905744745553,10,polysemy,raw
block_ab,9,-1.6820644378662108,0.3190018255496449,10,polysemy,raw
block_ab,10,-1.4807888269424438,0.26841141860129186,10,polysemy,raw
block_ab,11,-1.4551114976406097,0.3071410380756201,10,polysemy,raw
block_ab,12,-1.3797895193099976,0.2200193615732056,10,polysemy,raw
block_ab,13,-1.5954885125160216,0.23855230484284198,10,polysemy,raw
block_ab,14,-1.568691372871399,0.23521124605515337,10,polysemy,raw
block_ab,15,-1.587222158908844,0.36734565997717566,10,polysemy,raw
block_ab,16,-1.5261483371257782,0.2709558026145917,10,polysemy,raw
block_ab,17,-1.2409373462200164,0.3261636216949412,10,polysemy,raw
block_ab,18,-1.3825089454650878,0.3144350992006429,10,polysemy,raw
block_ab,19,-1.329558891057968,0.24171239174218018,10,polysemy,raw
block_ab,20,-0.23333061914891004,0.6617859730629253,10,polysemy,raw
block_ab,21,0.2522050035186112,0.5927298620353905,10,polysemy,raw
block_ab,22,0.6220814645290375,0.3199089813148121,10,polysemy,raw
block_ab,23,0.47713823765516283,0.37763677883488866,10,polysemy,raw
block_ab,24,0.5508126296103001,0.4176222084096407,10,polysemy,raw
block_ab,25,0.6356846500188112,0.5372252535910403,10,polysemy,raw
block_ab,26,0.5353783220052719,0.5061826327963054,10,polysemy,raw
block_ab,27,0.4916326396167278,0.5332950267253356,10,polysemy,raw
block_ab,28,0.6182041816413403,0.3499952452640154,10,polysemy,raw
block_ab,29,0.7402866758406162,0.5052181995193548,10,polysemy,raw
block_ab,30,0.558807587902993,0.5954292380284592,10,polysemy,raw
block_ab,31,0.6136013805866242,0.38284570301666965,10,polysemy,raw
block_ab,32,0.508988919109106,0.3621962556479935,10,polysemy,raw
block_ab,33,0.32160233072936534,0.21747054954649347,10,polysemy,raw
block_ab,34,0.6930219346657396,0.4268694464063218,10,polysemy,raw
block_ab,35,0.45633979737758634,0.5805423313843424,10,polysemy,raw
block_ab,36,0.5939322076737881,0.42438554066610124,10,polysemy,raw
block_ab,37,0.4491958230733871,0.5605897222521461,10,polysemy,raw
block_ab,38,0.11734559573233128,0.5438107807382595,10,polysemy,raw
block_ab,39,0.1322466216981411,0.5437386239061638,10,polysemy,raw
block_ba,0,1.2430908262729645,0.15387230530083298,10,polysemy,raw
block_ba,1,1.0407811880111695,0.21218720260463825,10,polysemy,raw
block_ba,2,0.9277613401412964,0.22598220801538207,10,polysemy,raw
block_ba,3,0.8948487132787705,0.2758651645634075,10,polysemy,raw
block_ba,4,0.8652945250272751,0.3775759445014184,10,polysemy,raw
block_ba,5,0.642531794309616,0.24390398635886537,10,polysemy,raw
block_ba,6,0.6499823674559593,0.32754445168021,10,polysemy,raw
block_ba,7,0.8435721158981323,0.19304813594909978,10,polysemy,raw
block_ba,8,0.6539293743873713,0.4978498649080762,10,polysemy,raw
block_ba,9,0.9486681371927261,0.38416589819354263,10,polysemy,raw
block_ba,10,0.8881426393985749,0.304888798233624,10,polysemy,raw
block_ba,11,0.7944517433643341,0.25033134165236876,10,polysemy,raw
block_ba,12,0.8454158425331115,0.3855106314812163,10,polysemy,raw
block_ba,13,0.8461746871471405,0.29694557236667957,10,polysemy,raw
block_ba,14,0.6902979493141175,0.33600139308592575,10,polysemy,raw
block_ba,15,0.6958905190229416,0.41974764394154457,10,polysemy,raw
block_ba,16,0.759443747997284,0.22142535950412226,10,polysemy,raw
block_ba,17,0.8491781890392304,0.2609291143724967,10,polysemy,raw
block_ba,18,0.6170542478561402,0.49022902848831157,10,polysemy,raw
block_ba,19,0.6386999890208245,0.34490483809998046,10,polysemy,raw
block_ba,20,-0.11098051145672798,0.5071794298030378,10,polysemy,raw
block_ba,21,-0.32728707529604434,0.8326323776684652,10,polysemy,raw
block_ba,22,-0.736415809392929,0.48481500434759506,10,polysemy,raw
block_ba,23,-0.6847396810539067,0.6428754185946499,10,polysemy,raw
block_ba,24,-0.7840444833040238,0.5733693076614695,10,polysemy,raw
block_ba,25,-0.7334391867741943,0.7190186656359396,10,polysemy,raw
block_ba,26,-0.9856077283620834,0.48103904174389334,10,polysemy,raw
block_ba,27,-0.8423893362283706,0.5318026573860613,10,polysemy,raw
block_ba,28,-0.7102033729664982,0.5914555035223485,10,polysemy,raw
block_ba,29,-1.0835066430270672,0.6714874048087577,10,polysemy,raw
block_ba,30,-0.9369886726140976,0.4536021031345259,10,polysemy,raw
block_ba,31,-0.9894336625933647,0.5954149824774168,10,polysemy,raw
block_ba,32,-0.8731891214847565,0.494413606772027,10,polysemy,raw
block_ba,33,-1.040383693575859,0.5543931677274242,10,polysemy,raw
block_ba,34,-1.1524272799491881,0.4531960522646949,10,polysemy,raw
block_ba,35,-1.2201718389987946,0.40929021690473866,10,polysemy,raw
block_ba,36,-1.1707480430603028,0.4282787003238683,10,polysemy,raw
block_ba,37,-0.9042048156261444,0.3980122778234155,10,polysemy,raw
block_ba,38,-1.2956145405769348,0.26229275693260107,10,polysemy,raw
block_ba,39,-0.9047184228897095,0.26056450507715534,10,polysemy,raw
block_ab,0,-0.05720836874097586,0.17688984215639914,10,suicide,lens
block_ab,1,0.0058725403621792795,0.09320899398956237,10,suicide,lens
block_ab,2,0.14707901440560817,0.068374693021656,10,suicide,lens
block_ab,3,0.09371624000777956,0.06940124232788938,10,suicide,lens
block_ab,4,-0.024208273075055332,0.19310700361293764,10,suicide,lens
block_ab,5,0.03346809707581997,0.20868438474813036,10,suicide,lens
block_ab,6,-0.04067998006939888,0.25018144114584556,10,suicide,lens
block_ab,7,0.022904008626937866,0.2618098301952821,10,suicide,lens
block_ab,8,-0.014902663230895997,0.25918934399834637,10,suicide,lens
block_ab,9,0.10246280618011952,0.15971449093591805,10,suicide,lens
block_ab,10,0.05952890366315842,0.25742867469444924,10,suicide,lens
block_ab,11,0.15922473687678576,0.1749152386641975,10,suicide,lens
block_ab,12,0.10649831742048263,0.2146206438727144,10,suicide,lens
block_ab,13,0.09984526857733726,0.25909222743708954,10,suicide,lens
block_ab,14,0.15215009842067956,0.1483854149860344,10,suicide,lens
block_ab,15,0.2325079545378685,0.08615540392774929,10,suicide,lens
block_ab,16,0.18351495191454886,0.18955645283273834,10,suicide,lens
block_ab,17,0.10424615517258644,0.2639581663950627,10,suicide,lens
block_ab,18,0.23377639204263687,0.047129604213152654,10,suicide,lens
block_ab,19,0.12100323289632797,0.26363031996789027,10,suicide,lens
block_ab,20,0.38347762674093244,0.27513455812485843,10,suicide,lens
block_ab,21,0.3732598781585693,0.2218041029942734,10,suicide,lens
block_ab,22,0.32670987099409105,0.16608411109174437,10,suicide,lens
block_ab,23,0.24763110429048538,0.20127763289708647,10,suicide,lens
block_ab,24,0.09189690351486206,0.3509421224408869,10,suicide,lens
block_ab,25,0.26503378450870513,0.24290471772117106,10,suicide,lens
block_ab,26,0.3074683129787445,0.1017072230161889,10,suicide,lens
block_ab,27,0.1598527543246746,0.3003012419401294,10,suicide,lens
block_ab,28,0.16452828347682952,0.28221899468024847,10,suicide,lens
block_ab,29,0.1978168621659279,0.18876567350608245,10,suicide,lens
block_ab,30,0.05243527889251709,0.26758455754797356,10,suicide,lens
block_ab,31,0.05375371128320694,0.34452042844850106,10,suicide,lens
block_ab,32,0.24923289716243743,0.19767773148900264,10,suicide,lens
block_ab,33,0.11251876205205917,0.40353967162218046,10,suicide,lens
block_ab,34,0.15654164105653762,0.2696374590134939,10,suicide,lens
block_ab,35,0.032942892611026765,0.410073899376151,10,suicide,lens
block_ab,36,0.21796165108680726,0.2912173776991981,10,suicide,lens
block_ab,37,0.24821846336126327,0.22813056229960957,10,suicide,lens
block_ab,38,0.22906481623649597,0.2166047026382324,10,suicide,lens
block_ab,39,0.1146679937839508,0.32938140813443423,10,suicide,lens
block_ba,0,1.143514233827591,0.17398547786070587,10,suicide,lens
block_ba,1,0.5174876160919666,0.2812774703608858,10,suicide,lens
block_ba,2,0.48205733820796015,0.23799902770478457,10,suicide,lens
block_ba,3,0.372862845659256,0.16828293971743988,10,suicide,lens
block_ba,4,0.30170893520116804,0.24448430764954182,10,suicide,lens
block_ba,5,0.20390855073928832,0.370907821323052,10,suicide,lens
block_ba,6,0.22953780442476274,0.17863928969742285,10,suicide,lens
block_ba,7,0.08123855739831924,0.29818022783522546,10,suicide,lens
block_ba,8,0.21925915628671647,0.17991676077242422,10,suicide,lens
block_ba,9,0.1670733407139778,0.2535201662246078,10,suicide,lens
block_ba,10,0.10768204182386398,0.3810568220840042,10,suicide,lens
block_ba,11,0.23087620586156846,0.3368697641819738,10,suicide,lens
block_ba,12,0.08859218806028366,0.3405941076493942,10,suicide,lens
block_ba,13,0.14276927709579468,0.3252526473730634,10,suicide,lens
block_ba,14,0.13233226984739305,0.38309470748158336,10,suicide,lens
block_ba,15,0.020762985944747923,0.358021781594348,10,suicide,lens
block_ba,16,0.1731787145137787,0.3521509283226829,10,suicide,lens
block_ba,17,0.42016667425632476,0.18565047928306466,10,suicide,lens
block_ba,18,0.4213168278336525,0.1553783188212651,10,suicide,lens
block_ba,19,0.31000726521015165,0.23175002600604816,10,suicide,lens
block_ba,20,0.2862450659275055,0.08857759374910837,10,suicide,lens
block_ba,21,0.20791828483343125,0.2197476784332348,10,suicide,lens
block_ba,22,0.23328794687986373,0.07673347000436426,10,suicide,lens
block_ba,23,0.3016366049647331,0.06675498708090519,10,suicide,lens
block_ba,24,0.18805499225854874,0.2711652758424301,10,suicide,lens
block_ba,25,0.2671566866338253,0.07762574695138962,10,suicide,lens
block_ba,26,0.17127305902540685,0.23430239559260838,10,suicide,lens
block_ba,27,0.22848053723573686,0.17667805852238153,10,suicide,lens
block_ba,28,0.21870053112506865,0.20342564417106962,10,suicide,lens
block_ba,29,0.1827426075935364,0.26314660513847904,10,suicide,lens
block_ba,30,0.1860691413283348,0.28129445156779476,10,suicide,lens
block_ba,31,0.2703235447406769,0.20848699321936182,10,suicide,lens
block_ba,32,0.3113056346774101,0.08693086683705922,10,suicide,lens
block_ba,33,0.27308999598026273,0.18307565414868265,10,suicide,lens
block_ba,34,0.24273713901638985,0.10467005435976913,10,suicide,lens
block_ba,35,0.18703901618719102,0.252928514119834,10,suicide,lens
block_ba,36,0.2754495700355619,0.10760192823323876,10,suicide,lens
block_ba,37,0.1533932626247406,0.2909879695738365,10,suicide,lens
block_ba,38,0.31128033697605134,0.03898109603391971,10,suicide,lens
block_ba,39,0.33026952147483823,0.0507619364007998,10,suicide,lens
block_ab,0,-1.2722381591796874,0.47090949797340165,10,suicide,raw
block_ab,1,-1.3877424836158752,0.5949031152979776,10,suicide,raw
block_ab,2,-1.1644227087497712,0.28033441082721866,10,suicide,raw
block_ab,3,-1.3625468015670776,0.18885467551158136,10,suicide,raw
block_ab,4,-1.659377110004425,0.5843877546723666,10,suicide,raw
block_ab,5,-1.8290968179702758,0.4470003816285004,10,suicide,raw
block_ab,6,-1.8576409578323365,0.5715021375938081,10,suicide,raw
block_ab,7,-1.6490360975265503,0.2832652223950707,10,suicide,raw
block_ab,8,-1.720129269361496,0.6257197892521915,10,suicide,raw
block_ab,9,-1.394965946674347,0.4411029342573488,10,suicide,raw
block_ab,10,-1.5473234534263611,0.8011605833026756,10,suicide,raw
block_ab,11,-1.5201990127563476,0.636254097485662,10,suicide,raw
block_ab,12,-1.2908121466636657,0.562118791117612,10,suicide,raw
block_ab,13,-1.517159777879715,0.8276720822255751,10,suicide,raw
block_ab,14,-1.4354307293891906,0.7474374285986756,10,suicide,raw
block_ab,15,-1.032387810945511,0.2912330077953893,10,suicide,raw
block_ab,16,-1.1600632429122926,0.5810603726527357,10,suicide,raw
block_ab,17,-1.374937152862549,0.5300541520121601,10,suicide,raw
block_ab,18,-1.1235006868839263,0.6441210330582476,10,suicide,raw
block_ab,19,-1.3346672177314758,0.755143873604081,10,suicide,raw
block_ab,20,-0.7559730991721153,0.33666318352218155,10,suicide,raw
block_ab,21,-0.672506919503212,0.3872399922678708,10,suicide,raw
block_ab,22,-0.9232989057898522,0.5036947094436607,10,suicide,raw
block_ab,23,-1.1398238822817803,0.815625473229934,10,suicide,raw
block_ab,24,-1.5803645312786103,0.8880974971211757,10,suicide,raw
block_ab,25,-1.4727785408496856,0.6716261151805734,10,suicide,raw
block_ab,26,-1.4854372769594193,0.9388234245990517,10,suicide,raw
block_ab,27,-1.3559844434261321,1.1309345272494329,10,suicide,raw
block_ab,28,-1.3329642683267593,0.6077264543123831,10,suicide,raw
block_ab,29,-1.5931130945682526,0.9178979361005315,10,suicide,raw
block_ab,30,-2.3582617372274397,1.1761655586711788,10,suicide,raw
block_ab,31,-1.7994663745164872,0.8883053243092552,10,suicide,raw
block_ab,32,-1.5781239509582519,0.8251417052228714,10,suicide,raw
block_ab,33,-1.9901388853788375,0.950469416784195,10,suicide,raw
block_ab,34,-1.8411240935325623,0.7835428579374325,10,suicide,raw
block_ab,35,-1.8270299896597861,1.1009572819398243,10,suicide,raw
block_ab,36,-1.2534726500511169,0.5819235381604176,10,suicide,raw
block_ab,37,-1.4485956370830535,0.6025490374508695,10,suicide,raw
block_ab,38,-1.4916278302669526,0.462701269116802,10,suicide,raw
block_ab,39,-1.7885718286037444,0.702096729161428,10,suicide,raw
block_ba,0,1.2026207506656648,0.38118295953852566,10,suicide,raw
block_ba,1,-0.274570338614285,0.7978258399552519,10,suicide,raw
block_ba,2,-0.44557408466935156,0.712981279414503,10,suicide,raw
block_ba,3,-0.6587698329240084,0.62742104859928,10,suicide,raw
block_ba,4,-0.9370447732508183,0.911384034730171,10,suicide,raw
block_ba,5,-1.231321321427822,1.0898753244163135,10,suicide,raw
block_ba,6,-1.0600091874599458,0.5778405980471205,10,suicide,raw
block_ba,7,-1.649218800663948,0.9132042617205958,10,suicide,raw
block_ba,8,-1.6828101366758346,0.8736570514396657,10,suicide,raw
block_ba,9,-1.509746938943863,0.6993876964961376,10,suicide,raw
block_ba,10,-1.706351065635681,0.6486274223974223,10,suicide,raw
block_ba,11,-0.8782318361103535,0.791450284414765,10,suicide,raw
block_ba,12,-1.2939959436655044,0.8325239519896968,10,suicide,raw
block_ba,13,-1.2273336749523878,1.05717036716985,10,suicide,raw
block_ba,14,-1.602447834610939,1.162688181539026,10,suicide,raw
block_ba,15,-1.457439563795924,1.0381285164333847,10,suicide,raw
block_ba,16,-0.832354161143303,0.7615028468814187,10,suicide,raw
block_ba,17,-0.749583164229989,0.824308759721412,10,suicide,raw
block_ba,18,-0.49343348294496536,0.9192270813575579,10,suicide,raw
block_ba,19,-1.0400948137044908,0.8830351759183432,10,suicide,raw
block_ba,20,-0.5375697374343872,0.21748897167416056,10,suicide,raw
block_ba,21,-1.3149969220161437,1.0908071265456227,10,suicide,raw
block_ba,22,-0.9360755622386933,0.5775927996136854,10,suicide,raw
block_ba,23,-1.0198593586683273,0.6821213174915322,10,suicide,raw
block_ba,24,-0.910805432498455,0.6981819980491614,10,suicide,raw
block_ba,25,-1.1662319746334107,1.147366643868004,10,suicide,raw
block_ba,26,-1.378794337809086,1.2518592714425316,10,suicide,raw
block_ba,27,-1.3667335748672484,0.9346147360287664,10,suicide,raw
block_ba,28,-1.0895233035087586,0.7898556387956421,10,suicide,raw
block_ba,29,-1.330222201347351,0.7556593828001171,10,suicide,raw
block_ba,30,-1.1782303333282471,0.7697705340692788,10,suicide,raw
block_ba,31,-0.9289195008575917,0.8102272900606602,10,suicide,raw
block_ba,32,-0.9545295298099518,0.3198260293863795,10,suicide,raw
block_ba,33,-1.0929783634841441,0.9681121150434796,10,suicide,raw
block_ba,34,-1.2589554995298387,0.6206384152090443,10,suicide,raw
block_ba,35,-1.7245105624198913,1.0891771503658512,10,suicide,raw
block_ba,36,-1.1982799112796783,0.7505990328505182,10,suicide,raw
block_ba,37,-1.2668363593518734,0.6778832906909226,10,suicide,raw
block_ba,38,-1.0969072878360748,0.5092375455878305,10,suicide,raw
block_ba,39,-1.15955331325531,0.35894036676275354,10,suicide,raw
