probe,run,k,score,is_jump
tank_L4,tank_d3_fam00_ab,1,1.036,False
tank_L4,tank_d3_fam00_ab,2,0.972,False
tank_L4,tank_d3_fam00_ab,3,1.004,False
tank_L4,tank_d3_fam00_ab,4,0.878,False
tank_L4,tank_d3_fam00_ab,5,1.046,False
tank_L4,tank_d3_fam00_ab,6,1.252,True
tank_L4,tank_d3_fam00_ab,7,1.026,False
tank_L4,tank_d3_fam00_ab,8,1.259,False
tank_L4,tank_d3_fam00_ab,9,1.088,False
tank_L4,tank_d3_fam00_ab,10,1.1,False
tank_L4,tank_d3_fam00_ab,11,1.067,False
tank_L4,tank_d3_fam00_ab,12,0.986,False
tank_L4,tank_d3_fam00_ab,13,1.099,False
tank_L4,tank_d3_fam00_ab,14,1.075,False
tank_L4,tank_d3_fam00_ab,15,1.119,False
tank_L4,tank_d3_fam00_ab,16,1.068,False
tank_L4,tank_d3_fam00_ab,17,1.183,False
tank_L4,tank_d3_fam00_ab,18,1.119,False
tank_L4,tank_d3_fam00_ab,19,0.983,False
tank_L4,tank_d3_fam00_ab,20,0.827,False
tank_L4,tank_d3_fam00_ba,1,1.159,False
tank_L4,tank_d3_fam00_ba,2,1.079,False
tank_L4,tank_d3_fam00_ba,3,1.181,False
tank_L4,tank_d3_fam00_ba,4,1.152,False
tank_L4,tank_d3_fam00_ba,5,1.024,False
tank_L4,tank_d3_fam00_ba,6,1.025,False
tank_L4,tank_d3_fam00_ba,7,1.022,False
tank_L4,tank_d3_fam00_ba,8,0.949,False
tank_L4,tank_d3_fam00_ba,9,1.014,False
tank_L4,tank_d3_fam00_ba,10,0.993,False
tank_L4,tank_d3_fam00_ba,11,1.073,False
tank_L4,tank_d3_fam00_ba,12,1.047,False
tank_L4,tank_d3_fam00_ba,13,1.066,True
tank_L4,tank_d3_fam00_ba,14,1.092,False
tank_L4,tank_d3_fam00_ba,15,0.918,False
tank_L4,tank_d3_fam00_ba,16,0.989,False
tank_L4,tank_d3_fam00_ba,17,1.013,False
tank_L4,tank_d3_fam00_ba,18,0.955,False
tank_L4,tank_d3_fam00_ba,19,1.006,False
tank_L4,tank_d3_fam00_ba,20,0.888,False
tank_L4,tank_d3_fam01_ab,1,0.985,False
tank_L4,tank_d3_fam01_ab,2,0.984,False
tank_L4,tank_d3_fam01_ab,3,0.841,False
tank_L4,tank_d3_fam01_ab,4,0.823,False
tank_L4,tank_d3_fam01_ab,5,0.78,True
tank_L4,tank_d3_fam01_ab,6,0.922,False
tank_L4,tank_d3_fam01_ab,7,0.967,False
tank_L4,tank_d3_fam01_ab,8,0.927,False
tank_L4,tank_d3_fam01_ab,9,0.858,False
tank_L4,tank_d3_fam01_ab,10,0.861,False
tank_L4,tank_d3_fam01_ab,11,0.926,False
tank_L4,tank_d3_fam01_ab,12,0.891,False
tank_L4,tank_d3_fam01_ab,13,0.971,False
tank_L4,tank_d3_fam01_ab,14,0.88,False
tank_L4,tank_d3_fam01_ab,15,1.0,False
tank_L4,tank_d3_fam01_ab,16,0.799,False
tank_L4,tank_d3_fam01_ab,17,0.904,False
tank_L4,tank_d3_fam01_ab,18,1.0,False
tank_L4,tank_d3_fam01_ab,19,0.914,False
tank_L4,tank_d3_fam01_ab,20,0.811,False
tank_L4,tank_d3_fam01_ba,1,1.298,False
tank_L4,tank_d3_fam01_ba,2,1.147,False
tank_L4,tank_d3_fam01_ba,3,0.851,False
tank_L4,tank_d3_fam01_ba,4,0.889,False
tank_L4,tank_d3_fam01_ba,5,0.835,False
tank_L4,tank_d3_fam01_ba,6,0.825,False
tank_L4,tank_d3_fam01_ba,7,0.978,False
tank_L4,tank_d3_fam01_ba,8,0.968,False
tank_L4,tank_d3_fam01_ba,9,0.953,False
tank_L4,tank_d3_fam01_ba,10,0.917,True
tank_L4,tank_d3_fam01_ba,11,0.949,False
tank_L4,tank_d3_fam01_ba,12,0.851,False
tank_L4,tank_d3_fam01_ba,13,0.8,False
tank_L4,tank_d3_fam01_ba,14,0.85,False
tank_L4,tank_d3_fam01_ba,15,1.057,False
tank_L4,tank_d3_fam01_ba,16,1.011,False
tank_L4,tank_d3_fam01_ba,17,1.134,False
tank_L4,tank_d3_fam01_ba,18,0.927,False
tank_L4,tank_d3_fam01_ba,19,0.906,False
tank_L4,tank_d3_fam01_ba,20,0.833,False
tank_L4,tank_d3_fam02_ab,1,1.064,False
tank_L4,tank_d3_fam02_ab,2,1.025,False
tank_L4,tank_d3_fam02_ab,3,1.009,False
tank_L4,tank_d3_fam02_ab,4,0.973,False
tank_L4,tank_d3_fam02_ab,5,1.009,False
tank_L4,tank_d3_fam02_ab,6,1.037,False
tank_L4,tank_d3_fam02_ab,7,0.966,True
tank_L4,tank_d3_fam02_ab,8,0.888,False
tank_L4,tank_d3_fam02_ab,9,0.951,False
tank_L4,tank_d3_fam02_ab,10,0.983,False
tank_L4,tank_d3_fam02_ab,11,0.889,False
tank_L4,tank_d3_fam02_ab,12,1.001,False
tank_L4,tank_d3_fam02_ab,13,0.904,False
tank_L4,tank_d3_fam02_ab,14,0.933,False
tank_L4,tank_d3_fam02_ab,15,1.006,False
tank_L4,tank_d3_fam02_ab,16,0.899,False
tank_L4,tank_d3_fam02_ab,17,0.923,False
tank_L4,tank_d3_fam02_ab,18,0.9,False
tank_L4,tank_d3_fam02_ab,19,0.95,False
tank_L4,tank_d3_fam02_ab,20,0.985,False
tank_L4,tank_d3_fam02_ba,1,0.957,False
tank_L4,tank_d3_fam02_ba,2,0.985,False
tank_L4,tank_d3_fam02_ba,3,1.024,False
tank_L4,tank_d3_fam02_ba,4,1.023,False
tank_L4,tank_d3_fam02_ba,5,0.991,False
tank_L4,tank_d3_fam02_ba,6,0.965,False
tank_L4,tank_d3_fam02_ba,7,1.027,False
tank_L4,tank_d3_fam02_ba,8,0.947,False
tank_L4,tank_d3_fam02_ba,9,1.006,False
tank_L4,tank_d3_fam02_ba,10,0.985,False
tank_L4,tank_d3_fam02_ba,11,0.878,False
tank_L4,tank_d3_fam02_ba,12,0.844,False
tank_L4,tank_d3_fam02_ba,13,0.779,False
tank_L4,tank_d3_fam02_ba,14,0.835,False
tank_L4,tank_d3_fam02_ba,15,1.023,False
tank_L4,tank_d3_fam02_ba,16,1.0,False
tank_L4,tank_d3_fam02_ba,17,1.058,False
tank_L4,tank_d3_fam02_ba,18,0.943,True
tank_L4,tank_d3_fam02_ba,19,1.0,False
tank_L4,tank_d3_fam02_ba,20,0.983,False
tank_L4,tank_d3_fam03_ab,1,1.047,False
tank_L4,tank_d3_fam03_ab,2,0.852,False
tank_L4,tank_d3_fam03_ab,3,0.951,False
tank_L4,tank_d3_fam03_ab,4,0.945,False
tank_L4,tank_d3_fam03_ab,5,0.964,False
tank_L4,tank_d3_fam03_ab,6,0.894,False
tank_L4,tank_d3_fam03_ab,7,0.933,False
tank_L4,tank_d3_fam03_ab,8,1.05,True
tank_L4,tank_d3_fam03_ab,9,1.038,False
tank_L4,tank_d3_fam03_ab,10,0.945,False
tank_L4,tank_d3_fam03_ab,11,1.042,False
tank_L4,tank_d3_fam03_ab,12,1.072,False
tank_L4,tank_d3_fam03_ab,13,0.988,False
tank_L4,tank_d3_fam03_ab,14,0.904,False
tank_L4,tank_d3_fam03_ab,15,0.898,False
tank_L4,tank_d3_fam03_ab,16,0.933,False
tank_L4,tank_d3_fam03_ab,17,0.92,False
tank_L4,tank_d3_fam03_ab,18,0.913,False
tank_L4,tank_d3_fam03_ab,19,0.929,False
tank_L4,tank_d3_fam03_ab,20,0.854,False
tank_L4,tank_d3_fam03_ba,1,1.235,False
tank_L4,tank_d3_fam03_ba,2,1.154,False
tank_L4,tank_d3_fam03_ba,3,1.206,False
tank_L4,tank_d3_fam03_ba,4,1.137,False
tank_L4,tank_d3_fam03_ba,5,1.016,False
tank_L4,tank_d3_fam03_ba,6,0.975,False
tank_L4,tank_d3_fam03_ba,7,0.937,False
tank_L4,tank_d3_fam03_ba,8,0.934,False
tank_L4,tank_d3_fam03_ba,9,0.896,False
tank_L4,tank_d3_fam03_ba,10,0.915,False
tank_L4,tank_d3_fam03_ba,11,0.975,False
tank_L4,tank_d3_fam03_ba,12,0.943,False
tank_L4,tank_d3_fam03_ba,13,1.031,True
tank_L4,tank_d3_fam03_ba,14,0.979,False
tank_L4,tank_d3_fam03_ba,15,1.004,False
tank_L4,tank_d3_fam03_ba,16,0.912,False
tank_L4,tank_d3_fam03_ba,17,0.952,False
tank_L4,tank_d3_fam03_ba,18,0.998,False
tank_L4,tank_d3_fam03_ba,19,0.991,False
tank_L4,tank_d3_fam03_ba,20,0.907,False
tank_L4,tank_d3_fam04_ab,1,1.054,False
tank_L4,tank_d3_fam04_ab,2,1.064,False
tank_L4,tank_d3_fam04_ab,3,1.092,False
tank_L4,tank_d3_fam04_ab,4,0.918,False
tank_L4,tank_d3_fam04_ab,5,0.9,False
tank_L4,tank_d3_fam04_ab,6,0.886,False
tank_L4,tank_d3_fam04_ab,7,0.924,False
tank_L4,tank_d3_fam04_ab,8,0.907,False
tank_L4,tank_d3_fam04_ab,9,0.953,False
tank_L4,tank_d3_fam04_ab,10,0.863,False
tank_L4,tank_d3_fam04_ab,11,0.839,False
tank_L4,tank_d3_fam04_ab,12,0.811,False
tank_L4,tank_d3_fam04_ab,13,0.955,True
tank_L4,tank_d3_fam04_ab,14,0.921,False
tank_L4,tank_d3_fam04_ab,15,0.923,False
tank_L4,tank_d3_fam04_ab,16,1.079,False
tank_L4,tank_d3_fam04_ab,17,0.966,False
tank_L4,tank_d3_fam04_ab,18,0.879,False
tank_L4,tank_d3_fam04_ab,19,0.891,False
tank_L4,tank_d3_fam04_ab,20,0.889,False
tank_L4,tank_d3_fam04_ba,1,1.277,False
tank_L4,tank_d3_fam04_ba,2,1.212,False
tank_L4,tank_d3_fam04_ba,3,1.283,False
tank_L4,tank_d3_fam04_ba,4,1.122,False
tank_L4,tank_d3_fam04_ba,5,1.111,True
tank_L4,tank_d3_fam04_ba,6,1.028,False
tank_L4,tank_d3_fam04_ba,7,1.056,False
tank_L4,tank_d3_fam04_ba,8,1.034,False
tank_L4,tank_d3_fam04_ba,9,0.895,False
tank_L4,tank_d3_fam04_ba,10,1.153,False
tank_L4,tank_d3_fam04_ba,11,1.022,False
tank_L4,tank_d3_fam04_ba,12,1.01,False
tank_L4,tank_d3_fam04_ba,13,1.097,False
tank_L4,tank_d3_fam04_ba,14,1.005,False
tank_L4,tank_d3_fam04_ba,15,0.898,False
tank_L4,tank_d3_fam04_ba,16,0.861,False
tank_L4,tank_d3_fam04_ba,17,0.841,False
tank_L4,tank_d3_fam04_ba,18,0.873,False
tank_L4,tank_d3_fam04_ba,19,0.833,False
tank_L4,tank_d3_fam04_ba,20,0.837,False
tank_L4,tank_d3_fam05_ab,1,1.007,False
tank_L4,tank_d3_fam05_ab,2,0.993,False
tank_L4,tank_d3_fam05_ab,3,0.91,False
tank_L4,tank_d3_fam05_ab,4,0.878,False
tank_L4,tank_d3_fam05_ab,5,0.878,False
tank_L4,tank_d3_fam05_ab,6,0.967,False
tank_L4,tank_d3_fam05_ab,7,1.139,False
tank_L4,tank_d3_fam05_ab,8,0.939,False
tank_L4,tank_d3_fam05_ab,9,1.017,False
tank_L4,tank_d3_fam05_ab,10,0.973,False
tank_L4,tank_d3_fam05_ab,11,1.161,True
tank_L4,tank_d3_fam05_ab,12,0.901,False
tank_L4,tank_d3_fam05_ab,13,0.986,False
tank_L4,tank_d3_fam05_ab,14,0.918,False
tank_L4,tank_d3_fam05_ab,15,0.898,False
tank_L4,tank_d3_fam05_ab,16,1.083,False
tank_L4,tank_d3_fam05_ab,17,1.071,False
tank_L4,tank_d3_fam05_ab,18,0.961,False
tank_L4,tank_d3_fam05_ab,19,0.964,False
tank_L4,tank_d3_fam05_ab,20,0.973,False
tank_L4,tank_d3_fam05_ba,1,1.085,False
tank_L4,tank_d3_fam05_ba,2,1.037,False
tank_L4,tank_d3_fam05_ba,3,0.995,False
tank_L4,tank_d3_fam05_ba,4,0.951,False
tank_L4,tank_d3_fam05_ba,5,0.911,False
tank_L4,tank_d3_fam05_ba,6,1.115,False
tank_L4,tank_d3_fam05_ba,7,1.141,False
tank_L4,tank_d3_fam05_ba,8,1.103,True
tank_L4,tank_d3_fam05_ba,9,0.967,False
tank_L4,tank_d3_fam05_ba,10,0.927,False
tank_L4,tank_d3_fam05_ba,11,0.916,False
tank_L4,tank_d3_fam05_ba,12,0.866,False
tank_L4,tank_d3_fam05_ba,13,0.954,False
tank_L4,tank_d3_fam05_ba,14,0.955,False
tank_L4,tank_d3_fam05_ba,15,0.873,False
tank_L4,tank_d3_fam05_ba,16,0.764,False
tank_L4,tank_d3_fam05_ba,17,0.825,False
tank_L4,tank_d3_fam05_ba,18,0.869,False
tank_L4,tank_d3_fam05_ba,19,0.938,False
tank_L4,tank_d3_fam05_ba,20,0.886,False
tank_L4,tank_d3_fam06_ab,1,1.274,False
tank_L4,tank_d3_fam06_ab,2,1.204,False
tank_L4,tank_d3_fam06_ab,3,1.168,False
tank_L4,tank_d3_fam06_ab,4,1.062,False
tank_L4,tank_d3_fam06_ab,5,1.129,False
tank_L4,tank_d3_fam06_ab,6,1.227,False
tank_L4,tank_d3_fam06_ab,7,1.035,False
tank_L4,tank_d3_fam06_ab,8,1.081,False
tank_L4,tank_d3_fam06_ab,9,1.251,True
tank_L4,tank_d3_fam06_ab,10,1.122,False
tank_L4,tank_d3_fam06_ab,11,0.968,False
tank_L4,tank_d3_fam06_ab,12,1.026,False
tank_L4,tank_d3_fam06_ab,13,0.957,False
tank_L4,tank_d3_fam06_ab,14,0.887,False
tank_L4,tank_d3_fam06_ab,15,0.832,False
tank_L4,tank_d3_fam06_ab,16,1.0,False
tank_L4,tank_d3_fam06_ab,17,0.918,False
tank_L4,tank_d3_fam06_ab,18,0.872,False
tank_L4,tank_d3_fam06_ab,19,0.92,False
tank_L4,tank_d3_fam06_ab,20,0.927,False
tank_L4,tank_d3_fam06_ba,1,1.094,False
tank_L4,tank_d3_fam06_ba,2,0.968,False
tank_L4,tank_d3_fam06_ba,3,0.999,False
tank_L4,tank_d3_fam06_ba,4,0.942,False
tank_L4,tank_d3_fam06_ba,5,0.896,False
tank_L4,tank_d3_fam06_ba,6,0.964,True
tank_L4,tank_d3_fam06_ba,7,1.013,False
tank_L4,tank_d3_fam06_ba,8,0.954,False
tank_L4,tank_d3_fam06_ba,9,0.987,False
tank_L4,tank_d3_fam06_ba,10,0.882,False
tank_L4,tank_d3_fam06_ba,11,0.868,False
tank_L4,tank_d3_fam06_ba,12,0.853,False
tank_L4,tank_d3_fam06_ba,13,0.898,False
tank_L4,tank_d3_fam06_ba,14,1.09,False
tank_L4,tank_d3_fam06_ba,15,1.11,False
tank_L4,tank_d3_fam06_ba,16,1.125,False
tank_L4,tank_d3_fam06_ba,17,1.085,False
tank_L4,tank_d3_fam06_ba,18,1.213,False
tank_L4,tank_d3_fam06_ba,19,1.037,False
tank_L4,tank_d3_fam06_ba,20,1.095,False
tank_L4,tank_d3_fam07_ab,1,1.209,False
tank_L4,tank_d3_fam07_ab,2,1.165,False
tank_L4,tank_d3_fam07_ab,3,1.02,True
tank_L4,tank_d3_fam07_ab,4,1.048,False
tank_L4,tank_d3_fam07_ab,5,1.068,False
tank_L4,tank_d3_fam07_ab,6,1.12,False
tank_L4,tank_d3_fam07_ab,7,0.991,False
tank_L4,tank_d3_fam07_ab,8,1.038,False
tank_L4,tank_d3_fam07_ab,9,1.054,False
tank_L4,tank_d3_fam07_ab,10,0.969,False
tank_L4,tank_d3_fam07_ab,11,1.007,False
tank_L4,tank_d3_fam07_ab,12,0.998,False
tank_L4,tank_d3_fam07_ab,13,1.049,False
tank_L4,tank_d3_fam07_ab,14,1.018,False
tank_L4,tank_d3_fam07_ab,15,1.066,False
tank_L4,tank_d3_fam07_ab,16,1.067,False
tank_L4,tank_d3_fam07_ab,17,0.94,False
tank_L4,tank_d3_fam07_ab,18,0.872,False
tank_L4,tank_d3_fam07_ab,19,0.95,False
tank_L4,tank_d3_fam07_ab,20,0.942,False
tank_L4,tank_d3_fam07_ba,1,1.102,False
tank_L4,tank_d3_fam07_ba,2,1.109,False
tank_L4,tank_d3_fam07_ba,3,1.055,False
tank_L4,tank_d3_fam07_ba,4,1.094,False
tank_L4,tank_d3_fam07_ba,5,1.076,False
tank_L4,tank_d3_fam07_ba,6,1.114,False
tank_L4,tank_d3_fam07_ba,7,1.018,False
tank_L4,tank_d3_fam07_ba,8,0.988,False
tank_L4,tank_d3_fam07_ba,9,0.961,False
tank_L4,tank_d3_fam07_ba,10,0.942,False
tank_L4,tank_d3_fam07_ba,11,0.924,False
tank_L4,tank_d3_fam07_ba,12,1.005,False
tank_L4,tank_d3_fam07_ba,13,0.999,False
tank_L4,tank_d3_fam07_ba,14,1.025,False
tank_L4,tank_d3_fam07_ba,15,1.26,True
tank_L4,tank_d3_fam07_ba,16,1.101,False
tank_L4,tank_d3_fam07_ba,17,1.023,False
tank_L4,tank_d3_fam07_ba,18,1.048,False
tank_L4,tank_d3_fam07_ba,19,1.207,False
tank_L4,tank_d3_fam07_ba,20,1.078,False
tank_L4,tank_d3_fam08_ab,1,1.051,False
tank_L4,tank_d3_fam08_ab,2,1.141,False
tank_L4,tank_d3_fam08_ab,3,1.104,False
tank_L4,tank_d3_fam08_ab,4,1.149,False
tank_L4,tank_d3_fam08_ab,5,1.297,False
tank_L4,tank_d3_fam08_ab,6,1.13,False
tank_L4,tank_d3_fam08_ab,7,1.284,False
tank_L4,tank_d3_fam08_ab,8,1.145,False
tank_L4,tank_d3_fam08_ab,9,1.028,False
tank_L4,tank_d3_fam08_ab,10,1.033,False
tank_L4,tank_d3_fam08_ab,11,1.049,False
tank_L4,tank_d3_fam08_ab,12,1.132,False
tank_L4,tank_d3_fam08_ab,13,0.959,True
tank_L4,tank_d3_fam08_ab,14,0.981,False
tank_L4,tank_d3_fam08_ab,15,1.148,False
tank_L4,tank_d3_fam08_ab,16,0.976,False
tank_L4,tank_d3_fam08_ab,17,1.048,False
tank_L4,tank_d3_fam08_ab,18,0.99,False
tank_L4,tank_d3_fam08_ab,19,0.974,False
tank_L4,tank_d3_fam08_ab,20,1.004,False
tank_L4,tank_d3_fam08_ba,1,1.183,False
tank_L4,tank_d3_fam08_ba,2,1.066,False
tank_L4,tank_d3_fam08_ba,3,1.061,False
tank_L4,tank_d3_fam08_ba,4,1.074,False
tank_L4,tank_d3_fam08_ba,5,1.068,False
tank_L4,tank_d3_fam08_ba,6,1.061,False
tank_L4,tank_d3_fam08_ba,7,1.197,False
tank_L4,tank_d3_fam08_ba,8,1.253,False
tank_L4,tank_d3_fam08_ba,9,1.103,False
tank_L4,tank_d3_fam08_ba,10,0.98,False
tank_L4,tank_d3_fam08_ba,11,0.999,False
tank_L4,tank_d3_fam08_ba,12,1.003,False
tank_L4,tank_d3_fam08_ba,13,0.923,False
tank_L4,tank_d3_fam08_ba,14,1.174,True
tank_L4,tank_d3_fam08_ba,15,1.097,False
tank_L4,tank_d3_fam08_ba,16,1.063,False
tank_L4,tank_d3_fam08_ba,17,0.965,False
tank_L4,tank_d3_fam08_ba,18,1.041,False
tank_L4,tank_d3_fam08_ba,19,1.093,False
tank_L4,tank_d3_fam08_ba,20,1.001,False
tank_L4,tank_d3_fam09_ab,1,1.203,False
tank_L4,tank_d3_fam09_ab,2,1.12,False
tank_L4,tank_d3_fam09_ab,3,1.041,False
tank_L4,tank_d3_fam09_ab,4,0.927,False
tank_L4,tank_d3_fam09_ab,5,0.931,False
tank_L4,tank_d3_fam09_ab,6,0.933,False
tank_L4,tank_d3_fam09_ab,7,0.968,False
tank_L4,tank_d3_fam09_ab,8,1.018,False
tank_L4,tank_d3_fam09_ab,9,0.979,False
tank_L4,tank_d3_fam09_ab,10,1.172,False
tank_L4,tank_d3_fam09_ab,11,0.957,True
tank_L4,tank_d3_fam09_ab,12,0.918,False
tank_L4,tank_d3_fam09_ab,13,0.945,False
tank_L4,tank_d3_fam09_ab,14,1.031,False
tank_L4,tank_d3_fam09_ab,15,1.028,False
tank_L4,tank_d3_fam09_ab,16,0.937,False
tank_L4,tank_d3_fam09_ab,17,0.894,False
tank_L4,tank_d3_fam09_ab,18,0.927,False
tank_L4,tank_d3_fam09_ab,19,1.001,False
tank_L4,tank_d3_fam09_ab,20,1.09,False
tank_L4,tank_d3_fam09_ba,1,1.148,False
tank_L4,tank_d3_fam09_ba,2,1.226,True
tank_L4,tank_d3_fam09_ba,3,1.108,False
tank_L4,tank_d3_fam09_ba,4,1.163,False
tank_L4,tank_d3_fam09_ba,5,1.187,False
tank_L4,tank_d3_fam09_ba,6,1.092,False
tank_L4,tank_d3_fam09_ba,7,1.186,False
tank_L4,tank_d3_fam09_ba,8,1.089,False
tank_L4,tank_d3_fam09_ba,9,1.109,False
tank_L4,tank_d3_fam09_ba,10,1.144,False
tank_L4,tank_d3_fam09_ba,11,0.967,False
tank_L4,tank_d3_fam09_ba,12,0.995,False
tank_L4,tank_d3_fam09_ba,13,0.971,False
tank_L4,tank_d3_fam09_ba,14,0.987,False
tank_L4,tank_d3_fam09_ba,15,1.011,False
tank_L4,tank_d3_fam09_ba,16,1.011,False
tank_L4,tank_d3_fam09_ba,17,0.844,False
tank_L4,tank_d3_fam09_ba,18,1.019,False
tank_L4,tank_d3_fam09_ba,19,1.014,False
tank_L4,tank_d3_fam09_ba,20,0.984,False
tank_L4,tank_d3_fam10_ab,1,1.006,False
tank_L4,tank_d3_fam10_ab,2,0.899,False
tank_L4,tank_d3_fam10_ab,3,0.839,False
tank_L4,tank_d3_fam10_ab,4,1.044,False
tank_L4,tank_d3_fam10_ab,5,1.103,True
tank_L4,tank_d3_fam10_ab,6,1.033,False
tank_L4,tank_d3_fam10_ab,7,1.01,False
tank_L4,tank_d3_fam10_ab,8,0.95,False
tank_L4,tank_d3_fam10_ab,9,0.975,False
tank_L4,tank_d3_fam10_ab,10,0.926,False
tank_L4,tank_d3_fam10_ab,11,0.895,False
tank_L4,tank_d3_fam10_ab,12,0.941,False
tank_L4,tank_d3_fam10_ab,13,0.95,False
tank_L4,tank_d3_fam10_ab,14,0.964,False
tank_L4,tank_d3_fam10_ab,15,0.834,False
tank_L4,tank_d3_fam10_ab,16,0.947,False
tank_L4,tank_d3_fam10_ab,17,0.957,False
tank_L4,tank_d3_fam10_ab,18,0.967,False
tank_L4,tank_d3_fam10_ab,19,0.952,False
tank_L4,tank_d3_fam10_ab,20,0.912,False
tank_L4,tank_d3_fam10_ba,1,1.418,False
tank_L4,tank_d3_fam10_ba,2,1.364,False
tank_L4,tank_d3_fam10_ba,3,1.253,False
tank_L4,tank_d3_fam10_ba,4,1.106,True
tank_L4,tank_d3_fam10_ba,5,1.019,False
tank_L4,tank_d3_fam10_ba,6,0.984,False
tank_L4,tank_d3_fam10_ba,7,0.951,False
tank_L4,tank_d3_fam10_ba,8,1.009,False
tank_L4,tank_d3_fam10_ba,9,0.889,False
tank_L4,tank_d3_fam10_ba,10,0.872,False
tank_L4,tank_d3_fam10_ba,11,0.892,False
tank_L4,tank_d3_fam10_ba,12,1.003,False
tank_L4,tank_d3_fam10_ba,13,0.862,False
tank_L4,tank_d3_fam10_ba,14,0.964,False
tank_L4,tank_d3_fam10_ba,15,0.959,False
tank_L4,tank_d3_fam10_ba,16,1.055,False
tank_L4,tank_d3_fam10_ba,17,1.052,False
tank_L4,tank_d3_fam10_ba,18,1.101,False
tank_L4,tank_d3_fam10_ba,19,0.956,False
tank_L4,tank_d3_fam10_ba,20,1.029,False
tank_L4,tank_d3_fam11_ab,1,1.187,False
tank_L4,tank_d3_fam11_ab,2,0.99,False
tank_L4,tank_d3_fam11_ab,3,1.083,False
tank_L4,tank_d3_fam11_ab,4,1.023,True
tank_L4,tank_d3_fam11_ab,5,0.963,False
tank_L4,tank_d3_fam11_ab,6,1.045,False
tank_L4,tank_d3_fam11_ab,7,1.024,False
tank_L4,tank_d3_fam11_ab,8,1.013,False
tank_L4,tank_d3_fam11_ab,9,1.111,False
tank_L4,tank_d3_fam11_ab,10,1.248,False
tank_L4,tank_d3_fam11_ab,11,1.147,False
tank_L4,tank_d3_fam11_ab,12,1.143,False
tank_L4,tank_d3_fam11_ab,13,1.119,False
tank_L4,tank_d3_fam11_ab,14,1.116,False
tank_L4,tank_d3_fam11_ab,15,1.25,False
tank_L4,tank_d3_fam11_ab,16,1.088,False
tank_L4,tank_d3_fam11_ab,17,1.21,False
tank_L4,tank_d3_fam11_ab,18,1.16,False
tank_L4,tank_d3_fam11_ab,19,1.235,False
tank_L4,tank_d3_fam11_ab,20,1.234,False
tank_L4,tank_d3_fam11_ba,1,1.273,False
tank_L4,tank_d3_fam11_ba,2,1.17,False
tank_L4,tank_d3_fam11_ba,3,1.068,False
tank_L4,tank_d3_fam11_ba,4,1.072,False
tank_L4,tank_d3_fam11_ba,5,1.404,True
tank_L4,tank_d3_fam11_ba,6,1.185,False
tank_L4,tank_d3_fam11_ba,7,1.264,False
tank_L4,tank_d3_fam11_ba,8,1.168,False
tank_L4,tank_d3_fam11_ba,9,1.126,False
tank_L4,tank_d3_fam11_ba,10,1.255,False
tank_L4,tank_d3_fam11_ba,11,1.31,False
tank_L4,tank_d3_fam11_ba,12,1.197,False
tank_L4,tank_d3_fam11_ba,13,0.993,False
tank_L4,tank_d3_fam11_ba,14,0.981,False
tank_L4,tank_d3_fam11_ba,15,0.999,False
tank_L4,tank_d3_fam11_ba,16,1.068,False
tank_L4,tank_d3_fam11_ba,17,0.999,False
tank_L4,tank_d3_fam11_ba,18,1.028,False
tank_L4,tank_d3_fam11_ba,19,1.021,False
tank_L4,tank_d3_fam11_ba,20,0.964,False
