set,session,run,k,reading,logprobs,category,auto
tank_d3_fam00_ab_beh_k02,session_2ba7e29e,tank_d3_fam00_ab,2,-0.516,"{""answer_starters"": {""In"": -3.25482, ""The"": -1.25482, ""A"": -9.020445, ""It"": -4.489195}, ""sense_words"": {"" aquarium"": -26.791563, "" vehicle"": -28.801695, "" military"": -26.539732, "" fish"": -26.176451, "" water"": -25.554625, "" armored"": -28.641539}}",aquarium,aquarium
tank_d3_fam00_ab_beh_k06,session_ed171c20,tank_d3_fam00_ab,6,0.666,"{""answer_starters"": {""In"": -4.543139, ""The"": -0.933763, ""A"": -7.918139, ""It"": -3.449388}, ""sense_words"": {"" aquarium"": -27.371264, "" vehicle"": -28.137865, "" military"": -27.044115, "" fish"": -25.720873, "" water"": -25.670092, "" armored"": -28.384935}}",both,both
tank_d3_fam00_ab_beh_k12,session_c5916b8d,tank_d3_fam00_ab,12,0.11,"{""answer_starters"": {""In"": -3.485809, ""The"": -1.282684, ""A"": -9.610808, ""It"": -4.751434}, ""sense_words"": {"" aquarium"": -27.109467, "" vehicle"": -28.599091, "" military"": -26.456024, "" fish"": -26.541718, "" water"": -25.733856, "" armored"": -28.780731}}",both,unclear
tank_d3_fam00_ab_beh_k20,session_003449af,tank_d3_fam00_ab,20,0.567,"{""answer_starters"": {""In"": -3.928067, ""The"": -1.396817, ""A"": -8.365567, ""It"": -4.162442}, ""sense_words"": {"" aquarium"": -25.131926, "" vehicle"": -26.932951, "" military"": -24.643888, "" fish"": -24.752775, "" water"": -23.805998, "" armored"": -26.830412}}",vehicle,vehicle
tank_d3_fam00_ba_beh_k02,session_bc250916,tank_d3_fam00_ba,2,1.108,"{""answer_starters"": {""In"": -4.309377, ""The"": -2.262502, ""A"": -8.606253, ""It"": -5.168752}, ""sense_words"": {"" aquarium"": -27.377737, "" vehicle"": -28.055471, "" military"": -25.470022, "" fish"": -26.06304, "" water"": -25.221487, "" armored"": -27.712698}}",vehicle,vehicle
tank_d3_fam00_ba_beh_k06,session_e13409d6,tank_d3_fam00_ba,6,1.189,"{""answer_starters"": {""In"": -4.535543, ""The"": -1.894918, ""A"": -8.223042, ""It"": -4.707418}, ""sense_words"": {"" aquarium"": -26.851461, "" vehicle"": -27.796286, "" military"": -25.483297, "" fish"": -25.942282, "" water"": -24.893942, "" armored"": -28.167379}}",vehicle,vehicle
tank_d3_fam00_ba_beh_k12,session_a979d40c,tank_d3_fam00_ba,12,0.794,"{""answer_starters"": {""In"": -4.332841, ""The"": -1.879717, ""A"": -8.567217, ""It"": -4.973466}, ""sense_words"": {"" aquarium"": -26.636553, "" vehicle"": -27.645342, "" military"": -25.16292, "" fish"": -25.571123, "" water"": -24.5721, "" armored"": -27.780107}}",vehicle,vehicle
tank_d3_fam00_ba_beh_k20,session_4f87b5cc,tank_d3_fam00_ba,20,-0.19,"{""answer_starters"": {""In"": -3.741172, ""The"": -1.538047, ""A"": -8.209922, ""It"": -4.913047}, ""sense_words"": {"" aquarium"": -26.083824, "" vehicle"": -27.732384, "" military"": -24.769493, "" fish"": -25.574181, "" water"": -24.458946, "" armored"": -27.466759}}",vehicle,vehicle
tank_d3_fam01_ab_beh_k02,session_ed19f7ec,tank_d3_fam01_ab,2,-2.362,"{""answer_starters"": {""In"": -3.091691, ""The"": -1.90419, ""A"": -7.388566, ""It"": -4.669816}, ""sense_words"": {"" aquarium"": -24.822159, "" vehicle"": -28.910049, "" military"": -26.654922, "" fish"": -24.684464, "" water"": -24.175674, "" armored"": -28.552628}}",no_answer,unclear
tank_d3_fam01_ab_beh_k06,session_459d1ce1,tank_d3_fam01_ab,6,-1.305,"{""answer_starters"": {""In"": -3.935547, ""The"": -2.529297, ""A"": -8.498047, ""It"": -6.185547}, ""sense_words"": {"" aquarium"": -28.028809, "" vehicle"": -30.986328, "" military"": -29.026855, "" fish"": -27.854004, "" water"": -27.163086, "" armored"": -31.023438}}",aquarium,aquarium
tank_d3_fam01_ab_beh_k12,session_866b292b,tank_d3_fam01_ab,12,-0.954,"{""answer_starters"": {""In"": -3.657363, ""The"": -2.922988, ""A"": -7.938613, ""It"": -6.704238}, ""sense_words"": {"" aquarium"": -27.789688, "" vehicle"": -31.108536, "" military"": -28.359512, "" fish"": -27.846817, "" water"": -26.832169, "" armored"": -30.342911}}",aquarium,aquarium
tank_d3_fam01_ab_beh_k20,session_11cf2af6,tank_d3_fam01_ab,20,-0.677,"{""answer_starters"": {""In"": -4.842578, ""The"": -2.373829, ""A"": -7.967578, ""It"": -6.108203}, ""sense_words"": {"" aquarium"": -28.263233, "" vehicle"": -30.86797, "" military"": -28.824268, "" fish"": -27.52129, "" water"": -26.67754, "" armored"": -30.55547}}",aquarium,aquarium
tank_d3_fam01_ba_beh_k02,session_a08ee907,tank_d3_fam01_ba,2,0.49,"{""answer_starters"": {""In"": -3.03573, ""The"": -2.051355, ""A"": -7.56698, ""It"": -4.81698}, ""sense_words"": {"" aquarium"": -27.710535, "" vehicle"": -28.362879, "" military"": -26.171961, "" fish"": -26.205164, "" water"": -25.582605, "" armored"": -28.196863}}",vehicle,vehicle
tank_d3_fam01_ba_beh_k06,session_61fdaa8a,tank_d3_fam01_ba,6,-0.697,"{""answer_starters"": {""In"": -2.844887, ""The"": -1.735512, ""A"": -7.782387, ""It"": -3.704262}, ""sense_words"": {"" aquarium"": -27.476723, "" vehicle"": -28.114418, "" military"": -26.704506, "" fish"": -25.363441, "" water"": -25.360512, "" armored"": -28.44059}}",no_answer,unclear
tank_d3_fam01_ba_beh_k12,session_335ef179,tank_d3_fam01_ba,12,-1.405,"{""answer_starters"": {""In"": -3.051442, ""The"": -1.832692, ""A"": -6.895192, ""It"": -3.379567}, ""sense_words"": {"" aquarium"": -26.570484, "" vehicle"": -28.237965, "" military"": -27.235523, "" fish"": -24.681324, "" water"": -24.506519, "" armored"": -28.526051}}",aquarium,aquarium
tank_d3_fam01_ba_beh_k20,session_32c13e92,tank_d3_fam01_ba,20,-2.041,"{""answer_starters"": {""In"": -3.323675, ""The"": -1.948675, ""A"": -6.354925, ""It"": -3.5268}, ""sense_words"": {"" aquarium"": -25.576117, "" vehicle"": -28.386175, "" military"": -27.388617, "" fish"": -24.499456, "" water"": -23.950628, "" armored"": -28.443792}}",no_answer,unclear
tank_d3_fam02_ab_beh_k02,session_ebf23f3b,tank_d3_fam02_ab,2,-0.932,"{""answer_starters"": {""In"": -5.315118, ""The"": -2.283868, ""A"": -8.658868, ""It"": -4.502618}, ""sense_words"": {"" aquarium"": -26.905207, "" vehicle"": -28.986017, "" military"": -27.814142, "" fish"": -24.297541, "" water"": -25.418634, "" armored"": -28.888361}}",both,both
tank_d3_fam02_ab_beh_k06,session_ed7759b3,tank_d3_fam02_ab,6,0.338,"{""answer_starters"": {""In"": -5.381577, ""The"": -1.881577, ""A"": -8.397202, ""It"": -4.256577}, ""sense_words"": {"" aquarium"": -27.384506, "" vehicle"": -28.519272, "" military"": -27.345444, "" fish"": -25.202866, "" water"": -25.836166, "" armored"": -28.673569}}",both,unclear
tank_d3_fam02_ab_beh_k12,session_d70885da,tank_d3_fam02_ab,12,0.061,"{""answer_starters"": {""In"": -5.561975, ""The"": -2.10885, ""A"": -8.718225, ""It"": -4.4526}, ""sense_words"": {"" aquarium"": -27.234461, "" vehicle"": -28.942835, "" military"": -27.305384, "" fish"": -25.221155, "" water"": -25.24264, "" armored"": -29.099085}}",vehicle,vehicle
tank_d3_fam02_ab_beh_k20,session_13a38ba3,tank_d3_fam02_ab,20,0.249,"{""answer_starters"": {""In"": -4.820253, ""The"": -2.054628, ""A"": -8.507753, ""It"": -4.914003}, ""sense_words"": {"" aquarium"": -27.200472, "" vehicle"": -28.941347, "" military"": -27.378969, "" fish"": -25.246035, "" water"": -25.609316, "" armored"": -28.947206}}",both,both
tank_d3_fam02_ba_beh_k02,session_5521d227,tank_d3_fam02_ba,2,1.402,"{""answer_starters"": {""In"": -5.219891, ""The"": -2.344891, ""A"": -8.735516, ""It"": -4.891766}, ""sense_words"": {"" aquarium"": -27.975262, "" vehicle"": -28.512859, "" military"": -27.24638, "" fish"": -26.22868, "" water"": -25.690594, "" armored"": -28.989422}}",both,unclear
tank_d3_fam02_ba_beh_k06,session_2a8f5696,tank_d3_fam02_ba,6,0.284,"{""answer_starters"": {""In"": -4.333847, ""The"": -1.958847, ""A"": -8.896347, ""It"": -4.240097}, ""sense_words"": {"" aquarium"": -26.983871, "" vehicle"": -28.056503, "" military"": -26.734177, "" fish"": -25.61998, "" water"": -24.971542, "" armored"": -28.525253}}",no_answer,unclear
tank_d3_fam02_ba_beh_k12,session_e2c1e05c,tank_d3_fam02_ba,12,-0.174,"{""answer_starters"": {""In"": -3.768699, ""The"": -1.831199, ""A"": -8.878074, ""It"": -4.721824}, ""sense_words"": {"" aquarium"": -26.902061, "" vehicle"": -28.468895, "" military"": -26.421043, "" fish"": -25.964989, "" water"": -25.202293, "" armored"": -28.744286}}",both,both
tank_d3_fam02_ba_beh_k20,session_4d8003ed,tank_d3_fam02_ba,20,-0.722,"{""answer_starters"": {""In"": -5.419137, ""The"": -2.200387, ""A"": -9.637887, ""It"": -4.966012}, ""sense_words"": {"" aquarium"": -27.949287, "" vehicle"": -29.429878, "" military"": -28.271187, "" fish"": -26.149605, "" water"": -26.469917, "" armored"": -30.026558}}",no_answer,unclear
tank_d3_fam03_ab_beh_k02,session_cd4426ed,tank_d3_fam03_ab,2,-1.498,"{""answer_starters"": {""In"": -3.861712, ""The"": -1.736712, ""A"": -8.674212, ""It"": -4.439837}, ""sense_words"": {"" aquarium"": -25.666399, "" vehicle"": -29.09218, "" military"": -26.773607, "" fish"": -24.916399, "" water"": -24.555071, "" armored"": -28.553118}}",aquarium,aquarium
tank_d3_fam03_ab_beh_k06,session_8c920903,tank_d3_fam03_ab,6,-1.239,"{""answer_starters"": {""In"": -3.898472, ""The"": -1.570347, ""A"": -8.367222, ""It"": -4.257847}, ""sense_words"": {"" aquarium"": -25.957554, "" vehicle"": -29.216831, "" military"": -26.445957, "" fish"": -25.173862, "" water"": -24.400425, "" armored"": -28.497105}}",aquarium,aquarium
tank_d3_fam03_ab_beh_k12,session_4ee5250a,tank_d3_fam03_ab,12,0.158,"{""answer_starters"": {""In"": -4.307282, ""The"": -1.510407, ""A"": -8.182282, ""It"": -3.244782}, ""sense_words"": {"" aquarium"": -25.164215, "" vehicle"": -27.848297, "" military"": -25.533112, "" fish"": -23.54361, "" water"": -23.738922, "" armored"": -27.35318}}",vehicle,vehicle
tank_d3_fam03_ab_beh_k20,session_f00516e3,tank_d3_fam03_ab,20,-0.31,"{""answer_starters"": {""In"": -4.858625, ""The"": -2.014875, ""A"": -8.62425, ""It"": -4.87425}, ""sense_words"": {"" aquarium"": -26.691633, "" vehicle"": -29.301985, "" military"": -26.717512, "" fish"": -25.708235, "" water"": -24.934797, "" armored"": -28.931868}}",both,both
tank_d3_fam03_ba_beh_k02,session_257eb8cc,tank_d3_fam03_ba,2,1.318,"{""answer_starters"": {""In"": -3.401829, ""The"": -0.886204, ""A"": -7.167454, ""It"": -3.604954}, ""sense_words"": {"" aquarium"": -27.192844, "" vehicle"": -27.647923, "" military"": -24.965794, "" fish"": -25.106907, "" water"": -24.376438, "" armored"": -27.266087}}",vehicle,vehicle
tank_d3_fam03_ba_beh_k06,session_6edbbedb,tank_d3_fam03_ba,6,-0.376,"{""answer_starters"": {""In"": -3.597648, ""The"": -1.753898, ""A"": -9.019523, ""It"": -5.238273}, ""sense_words"": {"" aquarium"": -27.739311, "" vehicle"": -29.667961, "" military"": -27.219963, "" fish"": -26.865715, "" water"": -26.189445, "" armored"": -29.632805}}",both,both
tank_d3_fam03_ba_beh_k12,session_2bc21fd9,tank_d3_fam03_ba,12,-0.454,"{""answer_starters"": {""In"": -4.500776, ""The"": -1.985151, ""A"": -8.203901, ""It"": -5.891401}, ""sense_words"": {"" aquarium"": -27.509481, "" vehicle"": -29.065229, "" military"": -26.645796, "" fish"": -26.729292, "" water"": -25.71855, "" armored"": -29.172651}}",aquarium,aquarium
tank_d3_fam03_ba_beh_k20,session_4c4a1ef5,tank_d3_fam03_ba,20,-0.393,"{""answer_starters"": {""In"": -4.585115, ""The"": -2.06949, ""A"": -8.116365, ""It"": -5.210115}, ""sense_words"": {"" aquarium"": -26.7139, "" vehicle"": -28.736483, "" military"": -26.21451, "" fish"": -25.588045, "" water"": -24.659334, "" armored"": -29.339022}}",vehicle,vehicle
tank_d3_fam04_ab_beh_k02,session_a4b3ff7c,tank_d3_fam04_ab,2,-1.185,"{""answer_starters"": {""In"": -3.545897, ""The"": -1.749022, ""A"": -8.202147, ""It"": -4.420897}, ""sense_words"": {"" aquarium"": -26.848997, "" vehicle"": -29.420897, "" military"": -27.742674, "" fish"": -25.839842, "" water"": -24.879881, "" armored"": -29.475584}}",aquarium,aquarium
tank_d3_fam04_ab_beh_k06,session_dc3b30cd,tank_d3_fam04_ab,6,-0.957,"{""answer_starters"": {""In"": -4.025513, ""The"": -1.494263, ""A"": -8.134888, ""It"": -3.650513}, ""sense_words"": {"" aquarium"": -26.709595, "" vehicle"": -28.759888, "" military"": -26.869995, "" fish"": -25.29895, "" water"": -24.653442, "" armored"": -29.05481}}",aquarium,aquarium
tank_d3_fam04_ab_beh_k12,session_3bb8611d,tank_d3_fam04_ab,12,-0.569,"{""answer_starters"": {""In"": -3.607199, ""The"": -1.435324, ""A"": -8.841574, ""It"": -4.232199}, ""sense_words"": {"" aquarium"": -26.747091, "" vehicle"": -28.779074, "" military"": -26.79714, "" fish"": -25.854269, "" water"": -25.190207, "" armored"": -29.124777}}",no_answer,unclear
tank_d3_fam04_ab_beh_k20,session_4d781336,tank_d3_fam04_ab,20,-0.65,"{""answer_starters"": {""In"": -5.051811, ""The"": -2.192436, ""A"": -8.848686, ""It"": -4.208061}, ""sense_words"": {"" aquarium"": -26.460014, "" vehicle"": -28.887749, "" military"": -27.443718, "" fish"": -25.309624, "" water"": -24.567436, "" armored"": -29.477592}}",both,both
tank_d3_fam04_ba_beh_k02,session_e48a9503,tank_d3_fam04_ba,2,1.724,"{""answer_starters"": {""In"": -3.679728, ""The"": -1.289103, ""A"": -7.117228, ""It"": -2.851603}, ""sense_words"": {"" aquarium"": -25.540232, "" vehicle"": -26.870157, "" military"": -25.050821, "" fish"": -24.029337, "" water"": -23.493204, "" armored"": -25.989542}}",vehicle,vehicle
tank_d3_fam04_ba_beh_k06,session_d0e7eb81,tank_d3_fam04_ba,6,-0.347,"{""answer_starters"": {""In"": -3.971465, ""The"": -1.54959, ""A"": -7.815215, ""It"": -4.346465}, ""sense_words"": {"" aquarium"": -26.171173, "" vehicle"": -28.551544, "" military"": -25.751251, "" fish"": -25.035919, "" water"": -24.102325, "" armored"": -27.913849}}",both,unclear
tank_d3_fam04_ba_beh_k12,session_1f2af81b,tank_d3_fam04_ba,12,-0.603,"{""answer_starters"": {""In"": -5.565659, ""The"": -2.800034, ""A"": -8.815659, ""It"": -4.784409}, ""sense_words"": {"" aquarium"": -26.121811, "" vehicle"": -28.344955, "" military"": -26.703842, "" fish"": -24.89769, "" water"": -24.626205, "" armored"": -28.146713}}",vehicle,vehicle
tank_d3_fam04_ba_beh_k20,session_8a0bf417,tank_d3_fam04_ba,20,-0.6,"{""answer_starters"": {""In"": -4.015344, ""The"": -1.687219, ""A"": -8.140344, ""It"": -4.859094}, ""sense_words"": {"" aquarium"": -26.179407, "" vehicle"": -28.348352, "" military"": -26.241907, "" fish"": -25.862513, "" water"": -24.742884, "" armored"": -28.560266}}",vehicle,vehicle
tank_d3_fam05_ab_beh_k02,session_85b4e38e,tank_d3_fam05_ab,2,-1.202,"{""answer_starters"": {""In"": -3.946705, ""The"": -2.18108, ""A"": -8.259205, ""It"": -4.040455}, ""sense_words"": {"" aquarium"": -26.471607, "" vehicle"": -28.985767, "" military"": -27.671314, "" fish"": -25.30022, "" water"": -24.548267, "" armored"": -28.780689}}",aquarium,aquarium
tank_d3_fam05_ab_beh_k06,session_449eeeca,tank_d3_fam05_ab,6,-0.219,"{""answer_starters"": {""In"": -5.033871, ""The"": -2.502621, ""A"": -7.861996, ""It"": -4.221371}, ""sense_words"": {"" aquarium"": -25.673519, "" vehicle"": -28.780941, "" military"": -27.128109, "" fish"": -24.721371, "" water"": -23.406918, "" armored"": -28.408871}}",aquarium,aquarium
tank_d3_fam05_ab_beh_k12,session_7485dd6c,tank_d3_fam05_ab,12,0.124,"{""answer_starters"": {""In"": -4.280135, ""The"": -1.873885, ""A"": -7.60826, ""It"": -4.26451}, ""sense_words"": {"" aquarium"": -26.385115, "" vehicle"": -28.537947, "" military"": -27.217634, "" fish"": -25.081892, "" water"": -24.418806, "" armored"": -28.528181}}",both,both
tank_d3_fam05_ab_beh_k20,session_d2271dad,tank_d3_fam05_ab,20,0.87,"{""answer_starters"": {""In"": -4.805485, ""The"": -1.992985, ""A"": -7.305485, ""It"": -3.930485}, ""sense_words"": {"" aquarium"": -26.490299, "" vehicle"": -28.097477, "" military"": -26.983707, "" fish"": -25.277164, "" water"": -24.035954, "" armored"": -28.00275}}",both,both
tank_d3_fam05_ba_beh_k02,session_9270b53e,tank_d3_fam05_ba,2,1.728,"{""answer_starters"": {""In"": -4.390728, ""The"": -1.437602, ""A"": -7.828228, ""It"": -4.171978}, ""sense_words"": {"" aquarium"": -27.01231, "" vehicle"": -27.839947, "" military"": -26.359234, "" fish"": -25.799419, "" water"": -24.978619, "" armored"": -27.828228}}",vehicle,vehicle
tank_d3_fam05_ba_beh_k06,session_9a2659bb,tank_d3_fam05_ba,6,0.864,"{""answer_starters"": {""In"": -4.285011, ""The"": -1.988136, ""A"": -7.550636, ""It"": -4.441261}, ""sense_words"": {"" aquarium"": -26.909645, "" vehicle"": -28.128761, "" military"": -26.443703, "" fish"": -25.797707, "" water"": -24.757668, "" armored"": -28.159035}}",both,unclear
tank_d3_fam05_ba_beh_k12,session_e18a62d5,tank_d3_fam05_ba,12,-0.717,"{""answer_starters"": {""In"": -5.01356, ""The"": -2.01356, ""A"": -8.466685, ""It"": -4.88856}, ""sense_words"": {"" aquarium"": -27.206003, "" vehicle"": -28.644419, "" military"": -26.93519, "" fish"": -26.014536, "" water"": -25.311411, "" armored"": -29.217661}}",aquarium,aquarium
tank_d3_fam05_ba_beh_k20,session_b91c0234,tank_d3_fam05_ba,20,-0.06,"{""answer_starters"": {""In"": -4.471167, ""The"": -1.908667, ""A"": -7.752417, ""It"": -4.205542}, ""sense_words"": {"" aquarium"": -26.323706, "" vehicle"": -28.198706, "" military"": -25.92771, "" fish"": -25.296362, "" water"": -24.512182, "" armored"": -27.857885}}",both,both
tank_d3_fam06_ab_beh_k02,session_d7172d66,tank_d3_fam06_ab,2,-1.224,"{""answer_starters"": {""In"": -5.267394, ""The"": -1.595519, ""A"": -9.095519, ""It"": -4.314269}, ""sense_words"": {"" aquarium"": -28.024717, "" vehicle"": -29.476377, "" military"": -28.470518, "" fish"": -26.551085, "" water"": -26.475889, "" armored"": -30.435362}}",aquarium,aquarium
tank_d3_fam06_ab_beh_k06,session_6a592735,tank_d3_fam06_ab,6,-0.213,"{""answer_starters"": {""In"": -6.423527, ""The"": -1.720402, ""A"": -8.829777, ""It"": -3.079777}, ""sense_words"": {"" aquarium"": -27.923527, "" vehicle"": -28.238956, "" military"": -26.171329, "" fish"": -25.504093, "" water"": -25.992863, "" armored"": -29.657902}}",aquarium,aquarium
tank_d3_fam06_ab_beh_k12,session_bb0adc7b,tank_d3_fam06_ab,12,1.652,"{""answer_starters"": {""In"": -5.556416, ""The"": -1.540791, ""A"": -8.618916, ""It"": -3.822041}, ""sense_words"": {"" aquarium"": -26.865253, "" vehicle"": -27.999775, "" military"": -26.130878, "" fish"": -25.113056, "" water"": -25.073994, "" armored"": -28.726337}}",vehicle,vehicle
tank_d3_fam06_ab_beh_k20,session_8165447c,tank_d3_fam06_ab,20,1.056,"{""answer_starters"": {""In"": -4.396532, ""The"": -1.412157, ""A"": -9.021532, ""It"": -4.349657}, ""sense_words"": {"" aquarium"": -27.342333, "" vehicle"": -28.224657, "" military"": -25.564989, "" fish"": -26.272142, "" water"": -25.617723, "" armored"": -28.783251}}",no_answer,unclear
tank_d3_fam06_ba_beh_k02,session_9866d777,tank_d3_fam06_ba,2,1.494,"{""answer_starters"": {""In"": -3.967572, ""The"": -2.326947, ""A"": -8.076947, ""It"": -5.311322}, ""sense_words"": {"" aquarium"": -27.779585, "" vehicle"": -28.292768, "" military"": -26.073042, "" fish"": -26.481245, "" water"": -25.377729, "" armored"": -27.82353}}",vehicle,vehicle
tank_d3_fam06_ba_beh_k06,session_832ec5b1,tank_d3_fam06_ba,6,0.483,"{""answer_starters"": {""In"": -3.468101, ""The"": -2.077476, ""A"": -7.249351, ""It"": -4.608726}, ""sense_words"": {"" aquarium"": -26.405844, "" vehicle"": -28.043295, "" military"": -25.430014, "" fish"": -25.61849, "" water"": -24.127279, "" armored"": -27.411459}}",vehicle,vehicle
tank_d3_fam06_ba_beh_k12,session_5045245a,tank_d3_fam06_ba,12,0.552,"{""answer_starters"": {""In"": -4.003035, ""The"": -1.815534, ""A"": -7.11241, ""It"": -4.73741}, ""sense_words"": {"" aquarium"": -26.99217, "" vehicle"": -28.388777, "" military"": -26.020613, "" fish"": -26.042097, "" water"": -24.7628, "" armored"": -28.117292}}",both,both
tank_d3_fam06_ba_beh_k20,session_f5e3f53a,tank_d3_fam06_ba,20,-0.121,"{""answer_starters"": {""In"": -4.913496, ""The"": -2.132246, ""A"": -8.663496, ""It"": -4.225996}, ""sense_words"": {"" aquarium"": -26.297285, "" vehicle"": -27.774824, "" military"": -26.312422, "" fish"": -24.94084, "" water"": -24.224043, "" armored"": -28.325605}}",vehicle,vehicle
tank_d3_fam07_ab_beh_k02,session_193da0a8,tank_d3_fam07_ab,2,-2.11,"{""answer_starters"": {""In"": -3.304372, ""The"": -2.085622, ""A"": -7.944997, ""It"": -4.491872}, ""sense_words"": {"" aquarium"": -24.698902, "" vehicle"": -28.950855, "" military"": -27.771168, "" fish"": -24.198902, "" water"": -24.02898, "" armored"": -28.692066}}",both,both
tank_d3_fam07_ab_beh_k06,session_5059df48,tank_d3_fam07_ab,6,-1.159,"{""answer_starters"": {""In"": -5.451209, ""The"": -3.216834, ""A"": -9.013709, ""It"": -4.951209}, ""sense_words"": {"" aquarium"": -26.261757, "" vehicle"": -29.105507, "" military"": -27.716347, "" fish"": -25.054726, "" water"": -24.939491, "" armored"": -29.545937}}",aquarium,aquarium
tank_d3_fam07_ab_beh_k12,session_bc7efd71,tank_d3_fam07_ab,12,-0.784,"{""answer_starters"": {""In"": -4.868086, ""The"": -2.243086, ""A"": -9.039961, ""It"": -6.071211}, ""sense_words"": {"" aquarium"": -28.316816, "" vehicle"": -30.893476, "" military"": -28.995008, "" fish"": -27.621992, "" water"": -26.625898, "" armored"": -30.811445}}",both,both
tank_d3_fam07_ab_beh_k20,session_42dfeebf,tank_d3_fam07_ab,20,-0.806,"{""answer_starters"": {""In"": -5.818666, ""The"": -2.849916, ""A"": -9.334291, ""It"": -5.928041}, ""sense_words"": {"" aquarium"": -27.418276, "" vehicle"": -29.986635, "" military"": -28.708681, "" fish"": -26.571596, "" water"": -25.691713, "" armored"": -30.312807}}",aquarium,aquarium
tank_d3_fam07_ba_beh_k02,session_4d47e007,tank_d3_fam07_ba,2,1.441,"{""answer_starters"": {""In"": -5.393243, ""The"": -1.799493, ""A"": -9.252618, ""It"": -5.580743}, ""sense_words"": {"" aquarium"": -29.350273, "" vehicle"": -29.838554, "" military"": -27.722099, "" fish"": -27.115776, "" water"": -26.875175, "" armored"": -29.81707}}",vehicle,vehicle
tank_d3_fam07_ba_beh_k06,session_3412cedb,tank_d3_fam07_ba,6,-0.332,"{""answer_starters"": {""In"": -5.820996, ""The"": -2.149122, ""A"": -9.617871, ""It"": -6.305371}, ""sense_words"": {"" aquarium"": -29.080763, "" vehicle"": -30.113966, "" military"": -27.913527, "" fish"": -27.169386, "" water"": -26.606153, "" armored"": -30.338575}}",aquarium,aquarium
tank_d3_fam07_ba_beh_k12,session_82b389dc,tank_d3_fam07_ba,12,-0.985,"{""answer_starters"": {""In"": -5.3941, ""The"": -1.8316, ""A"": -9.440975, ""It"": -5.2691}, ""sense_words"": {"" aquarium"": -28.101131, "" vehicle"": -29.304256, "" military"": -27.384823, "" fish"": -26.500546, "" water"": -26.158749, "" armored"": -30.230038}}",aquarium,aquarium
tank_d3_fam07_ba_beh_k20,session_e5f233e5,tank_d3_fam07_ba,20,-2.17,"{""answer_starters"": {""In"": -5.928921, ""The"": -2.163296, ""A"": -8.553921, ""It"": -3.803921}, ""sense_words"": {"" aquarium"": -26.164639, "" vehicle"": -28.446499, "" military"": -26.741665, "" fish"": -23.766811, "" water"": -24.290249, "" armored"": -28.819546}}",aquarium,aquarium
tank_d3_fam08_ab_beh_k02,session_9ce39a9a,tank_d3_fam08_ab,2,-1.54,"{""answer_starters"": {""In"": -2.429186, ""The"": -1.944811, ""A"": -8.616686, ""It"": -4.101061}, ""sense_words"": {"" aquarium"": -25.377916, "" vehicle"": -28.181139, "" military"": -26.329576, "" fish"": -25.10985, "" water"": -24.735826, "" armored"": -28.353014}}",no_answer,unclear
tank_d3_fam08_ab_beh_k06,session_97730364,tank_d3_fam08_ab,6,-0.787,"{""answer_starters"": {""In"": -3.658399, ""The"": -1.908399, ""A"": -8.049025, ""It"": -3.767774}, ""sense_words"": {"" aquarium"": -26.070509, "" vehicle"": -28.375196, "" military"": -26.574293, "" fish"": -25.362501, "" water"": -24.763868, "" armored"": -28.804884}}",both,both
tank_d3_fam08_ab_beh_k12,session_5096cf18,tank_d3_fam08_ab,12,-0.152,"{""answer_starters"": {""In"": -5.328951, ""The"": -2.860201, ""A"": -9.188326, ""It"": -4.813326}, ""sense_words"": {"" aquarium"": -28.102388, "" vehicle"": -29.427584, "" military"": -27.254244, "" fish"": -27.014498, "" water"": -26.821138, "" armored"": -29.95981}}",both,unclear
tank_d3_fam08_ab_beh_k20,session_3da378d5,tank_d3_fam08_ab,20,-0.104,"{""answer_starters"": {""In"": -3.70269, ""The"": -2.17144, ""A"": -7.780815, ""It"": -3.687065}, ""sense_words"": {"" aquarium"": -26.389214, "" vehicle"": -27.469292, "" military"": -25.542534, "" fish"": -24.993706, "" water"": -24.859917, "" armored"": -27.769096}}",vehicle,vehicle
tank_d3_fam08_ba_beh_k02,session_f9377809,tank_d3_fam08_ba,2,1.033,"{""answer_starters"": {""In"": -4.667946, ""The"": -2.917946, ""A"": -6.636696, ""It"": -4.667946}, ""sense_words"": {"" aquarium"": -27.182838, "" vehicle"": -28.032204, "" military"": -25.415016, "" fish"": -25.399391, "" water"": -24.687477, "" armored"": -27.404274}}",vehicle,vehicle
tank_d3_fam08_ba_beh_k06,session_dbb71461,tank_d3_fam08_ba,6,0.92,"{""answer_starters"": {""In"": -4.254273, ""The"": -2.363649, ""A"": -7.348023, ""It"": -4.519898}, ""sense_words"": {"" aquarium"": -27.777956, "" vehicle"": -28.846071, "" military"": -26.602907, "" fish"": -26.47986, "" water"": -25.76697, "" armored"": -28.816774}}",vehicle,vehicle
tank_d3_fam08_ba_beh_k12,session_2e441685,tank_d3_fam08_ba,12,0.227,"{""answer_starters"": {""In"": -3.722355, ""The"": -2.066105, ""A"": -6.597355, ""It"": -4.159855}, ""sense_words"": {"" aquarium"": -27.127506, "" vehicle"": -28.193058, "" military"": -26.036808, "" fish"": -25.726261, "" water"": -25.205753, "" armored"": -28.526066}}",vehicle,vehicle
tank_d3_fam08_ba_beh_k20,session_386d6436,tank_d3_fam08_ba,20,-0.807,"{""answer_starters"": {""In"": -3.744066, ""The"": -2.275316, ""A"": -7.884691, ""It"": -4.369066}, ""sense_words"": {"" aquarium"": -27.674425, "" vehicle"": -29.11516, "" military"": -27.193041, "" fish"": -26.498949, "" water"": -25.810472, "" armored"": -29.851488}}",aquarium,aquarium
tank_d3_fam09_ab_beh_k02,session_eb00f535,tank_d3_fam09_ab,2,-1.649,"{""answer_starters"": {""In"": -5.669356, ""The"": -2.356857, ""A"": -8.247481, ""It"": -3.138107}, ""sense_words"": {"" aquarium"": -27.613205, "" vehicle"": -29.065842, "" military"": -28.307053, "" fish"": -25.081467, "" water"": -25.093185, "" armored"": -29.587326}}",both,both
tank_d3_fam09_ab_beh_k06,session_4d5fce30,tank_d3_fam09_ab,6,-1.11,"{""answer_starters"": {""In"": -5.159833, ""The"": -2.003583, ""A"": -8.159834, ""It"": -3.581708}, ""sense_words"": {"" aquarium"": -27.47917, "" vehicle"": -28.852217, "" military"": -27.504072, "" fish"": -25.546553, "" water"": -25.242842, "" armored"": -29.265303}}",aquarium,aquarium
tank_d3_fam09_ab_beh_k12,session_c6b64779,tank_d3_fam09_ab,12,-0.961,"{""answer_starters"": {""In"": -6.138776, ""The"": -2.763776, ""A"": -9.232526, ""It"": -5.107526}, ""sense_words"": {"" aquarium"": -28.638533, "" vehicle"": -29.881941, "" military"": -28.56822, "" fish"": -26.958113, "" water"": -26.573347, "" armored"": -31.045027}}",both,both
tank_d3_fam09_ab_beh_k20,session_4c116e85,tank_d3_fam09_ab,20,0.371,"{""answer_starters"": {""In"": -5.006992, ""The"": -2.178867, ""A"": -8.335117, ""It"": -4.085117}, ""sense_words"": {"" aquarium"": -26.751865, "" vehicle"": -27.693516, "" military"": -26.116367, "" fish"": -24.668125, "" water"": -24.456211, "" armored"": -27.782383}}",both,both
tank_d3_fam09_ba_beh_k02,session_56ed6d54,tank_d3_fam09_ba,2,-0.011,"{""answer_starters"": {""In"": -4.164965, ""The"": -1.80559, ""A"": -7.27434, ""It"": -3.27434}, ""sense_words"": {"" aquarium"": -27.358324, "" vehicle"": -26.372484, "" military"": -24.781176, "" fish"": -25.099047, "" water"": -24.665941, "" armored"": -26.880297}}",vehicle,vehicle
tank_d3_fam09_ba_beh_k06,session_76b3a595,tank_d3_fam09_ba,6,0.508,"{""answer_starters"": {""In"": -4.378303, ""The"": -1.503303, ""A"": -8.065803, ""It"": -3.362678}, ""sense_words"": {"" aquarium"": -27.698616, "" vehicle"": -27.253792, "" military"": -24.903694, "" fish"": -25.911263, "" water"": -25.517952, "" armored"": -27.960335}}",vehicle,vehicle
tank_d3_fam09_ba_beh_k12,session_57163343,tank_d3_fam09_ba,12,-0.558,"{""answer_starters"": {""In"": -4.193848, ""The"": -1.771973, ""A"": -7.646973, ""It"": -3.740723}, ""sense_words"": {"" aquarium"": -27.019531, "" vehicle"": -27.402832, "" military"": -25.30127, "" fish"": -25.187988, "" water"": -24.663574, "" armored"": -27.765137}}",vehicle,vehicle
tank_d3_fam09_ba_beh_k20,session_1f7bba36,tank_d3_fam09_ba,20,-1.209,"{""answer_starters"": {""In"": -4.314563, ""The"": -1.861438, ""A"": -7.517688, ""It"": -3.705188}, ""sense_words"": {"" aquarium"": -26.462755, "" vehicle"": -27.847765, "" military"": -26.976793, "" fish"": -24.921984, "" water"": -24.398546, "" armored"": -28.278429}}",no_answer,unclear
tank_d3_fam10_ab_beh_k02,session_306416ed,tank_d3_fam10_ab,2,-1.575,"{""answer_starters"": {""In"": -3.838583, ""The"": -2.697958, ""A"": -7.994833, ""It"": -4.604208}, ""sense_words"": {"" aquarium"": -25.7712, "" vehicle"": -28.77413, "" military"": -27.20577, "" fish"": -24.854208, "" water"": -24.477255, "" armored"": -29.11202}}",no_answer,unclear
tank_d3_fam10_ab_beh_k06,session_c60bfa18,tank_d3_fam10_ab,6,-0.541,"{""answer_starters"": {""In"": -5.620337, ""The"": -3.073462, ""A"": -8.354712, ""It"": -4.807837}, ""sense_words"": {"" aquarium"": -26.973427, "" vehicle"": -29.409401, "" military"": -27.331764, "" fish"": -25.782448, "" water"": -25.215065, "" armored"": -29.448463}}",aquarium,aquarium
tank_d3_fam10_ab_beh_k12,session_85f2d529,tank_d3_fam10_ab,12,0.022,"{""answer_starters"": {""In"": -5.515918, ""The"": -2.656543, ""A"": -7.859668, ""It"": -4.234668}, ""sense_words"": {"" aquarium"": -26.944141, "" vehicle"": -29.453419, "" military"": -27.611866, "" fish"": -25.814747, "" water"": -25.486622, "" armored"": -29.670216}}",both,both
tank_d3_fam10_ab_beh_k20,session_9d228147,tank_d3_fam10_ab,20,0.832,"{""answer_starters"": {""In"": -5.879383, ""The"": -2.520008, ""A"": -8.145008, ""It"": -3.254383}, ""sense_words"": {"" aquarium"": -26.883533, "" vehicle"": -28.748524, "" military"": -26.453724, "" fish"": -25.178211, "" water"": -24.835438, "" armored"": -28.50243}}",aquarium,aquarium
tank_d3_fam10_ba_beh_k02,session_6ea96113,tank_d3_fam10_ba,2,2.365,"{""answer_starters"": {""In"": -4.476059, ""The"": -1.913559, ""A"": -7.491684, ""It"": -2.335434}, ""sense_words"": {"" aquarium"": -26.697739, "" vehicle"": -27.347153, "" military"": -25.25145, "" fish"": -24.931137, "" water"": -24.555161, "" armored"": -26.899887}}",vehicle,vehicle
tank_d3_fam10_ba_beh_k06,session_1c18f4a3,tank_d3_fam10_ba,6,-0.422,"{""answer_starters"": {""In"": -6.028397, ""The"": -2.809646, ""A"": -8.590897, ""It"": -4.669022}, ""sense_words"": {"" aquarium"": -28.080643, "" vehicle"": -29.547928, "" military"": -27.723587, "" fish"": -26.611404, "" water"": -26.209061, "" armored"": -30.188553}}",aquarium,aquarium
tank_d3_fam10_ba_beh_k12,session_ff0cd7df,tank_d3_fam10_ba,12,0.603,"{""answer_starters"": {""In"": -6.305301, ""The"": -3.195926, ""A"": -8.492801, ""It"": -3.461551}, ""sense_words"": {"" aquarium"": -27.402714, "" vehicle"": -28.50745, "" military"": -26.08997, "" fish"": -25.294559, "" water"": -24.908817, "" armored"": -28.983036}}",no_answer,unclear
tank_d3_fam10_ba_beh_k20,session_6e4d4ff6,tank_d3_fam10_ba,20,-1.244,"{""answer_starters"": {""In"": -4.881826, ""The"": -2.381826, ""A"": -7.678701, ""It"": -4.756826}, ""sense_words"": {"" aquarium"": -27.818754, "" vehicle"": -30.219717, "" military"": -27.789343, "" fish"": -26.396475, "" water"": -26.078115, "" armored"": -30.645498}}",aquarium,aquarium
tank_d3_fam11_ab_beh_k02,session_b64ae2bf,tank_d3_fam11_ab,2,-1.336,"{""answer_starters"": {""In"": -3.869016, ""The"": -2.556516, ""A"": -8.306517, ""It"": -4.556516}, ""sense_words"": {"" aquarium"": -25.756712, "" vehicle"": -28.361204, "" military"": -26.962767, "" fish"": -24.749876, "" water"": -24.419798, "" armored"": -28.572142}}",aquarium,aquarium
tank_d3_fam11_ab_beh_k06,session_30602ee4,tank_d3_fam11_ab,6,-0.898,"{""answer_starters"": {""In"": -3.585155, ""The"": -2.50703, ""A"": -8.66328, ""It"": -4.647655}, ""sense_words"": {"" aquarium"": -26.480053, "" vehicle"": -28.454296, "" military"": -26.981152, "" fish"": -25.326366, "" water"": -25.021679, "" armored"": -29.096874}}",aquarium,aquarium
tank_d3_fam11_ab_beh_k12,session_e1d1c149,tank_d3_fam11_ab,12,-0.223,"{""answer_starters"": {""In"": -4.060269, ""The"": -2.654019, ""A"": -8.591519, ""It"": -4.779019}, ""sense_words"": {"" aquarium"": -26.585955, "" vehicle"": -28.661833, "" military"": -26.609571, "" fish"": -25.461637, "" water"": -24.790739, "" armored"": -28.693083}}",aquarium,aquarium
tank_d3_fam11_ab_beh_k20,session_42e221a2,tank_d3_fam11_ab,20,-0.103,"{""answer_starters"": {""In"": -4.505793, ""The"": -2.677668, ""A"": -7.583918, ""It"": -4.021418}, ""sense_words"": {"" aquarium"": -25.130304, "" vehicle"": -27.292902, "" military"": -25.159601, "" fish"": -23.577082, "" water"": -23.205011, "" armored"": -27.295832}}",both,both
tank_d3_fam11_ba_beh_k02,session_7b6be7b5,tank_d3_fam11_ba,2,1.814,"{""answer_starters"": {""In"": -3.082144, ""The"": -1.269644, ""A"": -7.660269, ""It"": -3.316519}, ""sense_words"": {"" aquarium"": -28.078238, "" vehicle"": -27.914175, "" military"": -25.615347, "" fish"": -26.126577, "" water"": -25.584097, "" armored"": -27.638784}}",vehicle,vehicle
tank_d3_fam11_ba_beh_k06,session_d46ee7df,tank_d3_fam11_ba,6,-0.281,"{""answer_starters"": {""In"": -4.295822, ""The"": -2.530197, ""A"": -8.592697, ""It"": -4.545822}, ""sense_words"": {"" aquarium"": -29.165939, "" vehicle"": -29.25383, "" military"": -27.175461, "" fish"": -26.921799, "" water"": -26.824142, "" armored"": -29.858322}}",both,unclear
tank_d3_fam11_ba_beh_k12,session_6e99e4e1,tank_d3_fam11_ba,12,-1.497,"{""answer_starters"": {""In"": -3.605908, ""The"": -1.621533, ""A"": -7.340283, ""It"": -3.434033}, ""sense_words"": {"" aquarium"": -25.552441, "" vehicle"": -27.181103, "" military"": -25.389599, "" fish"": -24.405712, "" water"": -23.809032, "" armored"": -27.806103}}",vehicle,vehicle
tank_d3_fam11_ba_beh_k20,session_c453abfc,tank_d3_fam11_ba,20,-0.906,"{""answer_starters"": {""In"": -4.175766, ""The"": -2.050766, ""A"": -8.035142, ""It"": -4.300766}, ""sense_words"": {"" aquarium"": -26.030258, "" vehicle"": -27.760727, "" military"": -26.406235, "" fish"": -25.198227, "" water"": -24.330063, "" armored"": -28.301743}}",both,both
tank_d4_fam00_a_beh_final,session_f1896c75,tank_d4_fam00_a,d4_final,-1.977,"{""answer_starters"": {""In"": -2.600185, ""The"": -1.303311, ""A"": -8.14706, ""It"": -3.58456}, ""sense_words"": {"" aquarium"": -23.890224, "" vehicle"": -27.816982, "" military"": -26.199795, "" fish"": -23.482998, "" water"": -22.873623, "" armored"": -28.297451}}",aquarium,aquarium
tank_d4_fam00_b_beh_final,session_f3df3802,tank_d4_fam00_b,d4_final,1.484,"{""answer_starters"": {""In"": -5.095788, ""The"": -2.564538, ""A"": -7.564538, ""It"": -3.861413}, ""sense_words"": {"" aquarium"": -27.06942, "" vehicle"": -27.505943, "" military"": -24.791588, "" fish"": -25.113853, "" water"": -24.043053, "" armored"": -26.698326}}",vehicle,vehicle
tank_d4_fam02_a_beh_final,session_c29ded11,tank_d4_fam02_a,d4_final,-2.074,"{""answer_starters"": {""In"": -5.261109, ""The"": -2.511109, ""A"": -8.229859, ""It"": -4.386109}, ""sense_words"": {"" aquarium"": -24.503298, "" vehicle"": -28.622438, "" military"": -27.358767, "" fish"": -23.274782, "" water"": -22.903688, "" armored"": -28.618532}}",both,both
tank_d4_fam02_b_beh_final,session_ccfc71ca,tank_d4_fam02_b,d4_final,2.133,"{""answer_starters"": {""In"": -4.925463, ""The"": -1.409838, ""A"": -9.534838, ""It"": -3.956713}, ""sense_words"": {"" aquarium"": -28.550463, "" vehicle"": -29.024096, "" military"": -26.94475, "" fish"": -26.660326, "" water"": -26.698412, "" armored"": -29.747728}}",vehicle,vehicle
tank_d4_fam04_a_beh_final,session_6a188931,tank_d4_fam04_a,d4_final,-1.88,"{""answer_starters"": {""In"": -3.558956, ""The"": -1.933956, ""A"": -8.902706, ""It"": -4.808956}, ""sense_words"": {"" aquarium"": -26.438595, "" vehicle"": -28.924191, "" military"": -27.35461, "" fish"": -25.36462, "" water"": -25.782589, "" armored"": -29.178097}}",aquarium,aquarium
tank_d4_fam04_b_beh_final,session_a4349794,tank_d4_fam04_b,d4_final,2.477,"{""answer_starters"": {""In"": -4.814107, ""The"": -2.235982, ""A"": -7.970357, ""It"": -3.876607}, ""sense_words"": {"" aquarium"": -26.287619, "" vehicle"": -27.07778, "" military"": -25.110495, "" fish"": -25.135885, "" water"": -24.362936, "" armored"": -26.628561}}",both,both
tank_d4_fam06_a_beh_final,session_5156316c,tank_d4_fam06_a,d4_final,-2.016,"{""answer_starters"": {""In"": -4.006807, ""The"": -1.756807, ""A"": -7.975557, ""It"": -3.913057}, ""sense_words"": {"" aquarium"": -25.572237, "" vehicle"": -28.930635, "" military"": -27.578096, "" fish"": -25.318331, "" water"": -24.538057, "" armored"": -29.213839}}",aquarium,aquarium
tank_d4_fam06_b_beh_final,session_a5090b8d,tank_d4_fam06_b,d4_final,2.152,"{""answer_starters"": {""In"": -3.631042, ""The"": -1.396667, ""A"": -7.646667, ""It"": -4.052917}, ""sense_words"": {"" aquarium"": -27.867371, "" vehicle"": -28.217957, "" military"": -25.132996, "" fish"": -26.372986, "" water"": -25.43573, "" armored"": -28.479675}}",vehicle,vehicle
tank_d4_fam08_a_beh_final,session_eedb9d76,tank_d4_fam08_a,d4_final,-1.925,"{""answer_starters"": {""In"": -3.535256, ""The"": -1.800881, ""A"": -7.925881, ""It"": -3.800881}, ""sense_words"": {"" aquarium"": -25.297953, "" vehicle"": -28.470804, "" military"": -26.835062, "" fish"": -24.618265, "" water"": -23.726664, "" armored"": -28.816507}}",aquarium,aquarium
tank_d4_fam08_b_beh_final,session_52f22582,tank_d4_fam08_b,d4_final,1.578,"{""answer_starters"": {""In"": -4.432417, ""The"": -2.416792, ""A"": -6.698042, ""It"": -4.401167}, ""sense_words"": {"" aquarium"": -27.362837, "" vehicle"": -26.93527, "" military"": -25.573042, "" fish"": -26.265425, "" water"": -25.082808, "" armored"": -27.401411}}",vehicle,vehicle
tank_d4_fam10_a_beh_final,session_610a4caa,tank_d4_fam10_a,d4_final,-2.213,"{""answer_starters"": {""In"": -4.457453, ""The"": -2.051203, ""A"": -8.269953, ""It"": -4.004328}, ""sense_words"": {"" aquarium"": -25.565851, "" vehicle"": -28.869562, "" military"": -27.869562, "" fish"": -24.717218, "" water"": -24.342218, "" armored"": -29.273859}}",aquarium,aquarium
tank_d4_fam10_b_beh_final,session_b54ac573,tank_d4_fam10_b,d4_final,2.777,"{""answer_starters"": {""In"": -5.608394, ""The"": -2.920894, ""A"": -8.342769, ""It"": -2.670894}, ""sense_words"": {"" aquarium"": -27.752926, "" vehicle"": -26.706051, "" military"": -24.088863, "" fish"": -25.517574, "" water"": -25.292477, "" armored"": -26.913082}}",both,unclear
