task,set,session,run,k,category,reading,marker_pct
tank,tank_d3_fam00_ab_beh_k02,session_cc04ed79,tank_d3_fam00_ab,2.0,aquarium,-0.516,38.168
tank,tank_d3_fam00_ab_beh_k06,session_1ca22e07,tank_d3_fam00_ab,6.0,vehicle,0.666,40.625
tank,tank_d3_fam00_ab_beh_k12,session_d35163b8,tank_d3_fam00_ab,12.0,vehicle,0.11,31.172
tank,tank_d3_fam00_ab_beh_k20,session_cad415c9,tank_d3_fam00_ab,20.0,vehicle,0.567,26.835
tank,tank_d3_fam00_ba_beh_k02,session_caa0cd3e,tank_d3_fam00_ba,2.0,vehicle,1.108,9.655
tank,tank_d3_fam00_ba_beh_k06,session_f6ce6831,tank_d3_fam00_ba,6.0,vehicle,1.189,12.708
tank,tank_d3_fam00_ba_beh_k12,session_203f2602,tank_d3_fam00_ba,12.0,vehicle,0.794,26.324
tank,tank_d3_fam00_ba_beh_k20,session_e84e8186,tank_d3_fam00_ba,20.0,vehicle,-0.19,32.469
tank,tank_d3_fam01_ab_beh_k02,session_02ffff33,tank_d3_fam01_ab,2.0,no_answer,-2.362,0.935
tank,tank_d3_fam01_ab_beh_k06,session_ce78bccc,tank_d3_fam01_ab,6.0,aquarium,-1.305,9.855
tank,tank_d3_fam01_ab_beh_k12,session_9a24e617,tank_d3_fam01_ab,12.0,no_answer,-0.954,14.878
tank,tank_d3_fam01_ab_beh_k20,session_0b094a48,tank_d3_fam01_ab,20.0,both,-0.677,15.987
tank,tank_d3_fam01_ba_beh_k02,session_15744287,tank_d3_fam01_ba,2.0,vehicle,0.49,13.345
tank,tank_d3_fam01_ba_beh_k06,session_3ec1e5f8,tank_d3_fam01_ba,6.0,both,-0.697,22.924
tank,tank_d3_fam01_ba_beh_k12,session_da80036f,tank_d3_fam01_ba,12.0,both,-1.405,16.843
tank,tank_d3_fam01_ba_beh_k20,session_c65398b1,tank_d3_fam01_ba,20.0,both,-2.041,5.252
tank,tank_d3_fam02_ab_beh_k02,session_d7362ab3,tank_d3_fam02_ab,2.0,aquarium,-0.932,20.438
tank,tank_d3_fam02_ab_beh_k06,session_de5b8f72,tank_d3_fam02_ab,6.0,both,0.338,29.409
tank,tank_d3_fam02_ab_beh_k12,session_0e8ee320,tank_d3_fam02_ab,12.0,both,0.061,27.539
tank,tank_d3_fam02_ab_beh_k20,session_1f99242d,tank_d3_fam02_ab,20.0,both,0.249,22.224
tank,tank_d3_fam02_ba_beh_k02,session_ca6d4c0d,tank_d3_fam02_ba,2.0,both,1.402,7.304
tank,tank_d3_fam02_ba_beh_k06,session_913095a8,tank_d3_fam02_ba,6.0,no_answer,0.284,37.644
tank,tank_d3_fam02_ba_beh_k12,session_044a13d3,tank_d3_fam02_ba,12.0,both,-0.174,32.896
tank,tank_d3_fam02_ba_beh_k20,session_784f7dd2,tank_d3_fam02_ba,20.0,no_answer,-0.722,33.46
tank,tank_d3_fam03_ab_beh_k02,session_a0a376b9,tank_d3_fam03_ab,2.0,aquarium,-1.498,9.11
tank,tank_d3_fam03_ab_beh_k06,session_c07d8f96,tank_d3_fam03_ab,6.0,aquarium,-1.239,15.843
tank,tank_d3_fam03_ab_beh_k12,session_6860757a,tank_d3_fam03_ab,12.0,both,0.158,32.468
tank,tank_d3_fam03_ab_beh_k20,session_008d4208,tank_d3_fam03_ab,20.0,no_answer,-0.31,27.284
tank,tank_d3_fam03_ba_beh_k02,session_f695058b,tank_d3_fam03_ba,2.0,vehicle,1.318,22.128
tank,tank_d3_fam03_ba_beh_k06,session_eacb014d,tank_d3_fam03_ba,6.0,both,-0.376,34.124
tank,tank_d3_fam03_ba_beh_k12,session_072ebd68,tank_d3_fam03_ba,12.0,aquarium,-0.454,34.603
tank,tank_d3_fam03_ba_beh_k20,session_c6452f26,tank_d3_fam03_ba,20.0,both,-0.393,34.154
tank,tank_d3_fam04_ab_beh_k02,session_952af239,tank_d3_fam04_ab,2.0,aquarium,-1.185,8.435
tank,tank_d3_fam04_ab_beh_k06,session_f2e21cb0,tank_d3_fam04_ab,6.0,aquarium,-0.957,16.163
tank,tank_d3_fam04_ab_beh_k12,session_a3136cc8,tank_d3_fam04_ab,12.0,no_answer,-0.569,20.36
tank,tank_d3_fam04_ab_beh_k20,session_29a1b988,tank_d3_fam04_ab,20.0,no_answer,-0.65,18.382
tank,tank_d3_fam04_ba_beh_k02,session_b55fa1eb,tank_d3_fam04_ba,2.0,vehicle,1.724,25.353
tank,tank_d3_fam04_ba_beh_k06,session_d4f43e76,tank_d3_fam04_ba,6.0,aquarium,-0.347,44.26
tank,tank_d3_fam04_ba_beh_k12,session_405614e5,tank_d3_fam04_ba,12.0,vehicle,-0.603,31.296
tank,tank_d3_fam04_ba_beh_k20,session_9fc7fcb3,tank_d3_fam04_ba,20.0,both,-0.6,17.993
tank,tank_d3_fam05_ab_beh_k02,session_21ffba53,tank_d3_fam05_ab,2.0,aquarium,-1.202,13.673
tank,tank_d3_fam05_ab_beh_k06,session_a3371e59,tank_d3_fam05_ab,6.0,aquarium,-0.219,25.159
tank,tank_d3_fam05_ab_beh_k12,session_247467ff,tank_d3_fam05_ab,12.0,both,0.124,36.099
tank,tank_d3_fam05_ab_beh_k20,session_90d07ad6,tank_d3_fam05_ab,20.0,both,0.87,23.767
tank,tank_d3_fam05_ba_beh_k02,session_e7f5d220,tank_d3_fam05_ba,2.0,vehicle,1.728,14.2
tank,tank_d3_fam05_ba_beh_k06,session_f918240b,tank_d3_fam05_ba,6.0,both,0.864,20.058
tank,tank_d3_fam05_ba_beh_k12,session_5253c205,tank_d3_fam05_ba,12.0,no_answer,-0.717,24.468
tank,tank_d3_fam05_ba_beh_k20,session_e8a5e71d,tank_d3_fam05_ba,20.0,both,-0.06,32.853
tank,tank_d3_fam06_ab_beh_k02,session_065e3ea4,tank_d3_fam06_ab,2.0,aquarium,-1.224,31.313
tank,tank_d3_fam06_ab_beh_k06,session_69553e5c,tank_d3_fam06_ab,6.0,aquarium,-0.213,43.815
tank,tank_d3_fam06_ab_beh_k12,session_31bf5b03,tank_d3_fam06_ab,12.0,both,1.652,31.015
tank,tank_d3_fam06_ab_beh_k20,session_23fad137,tank_d3_fam06_ab,20.0,vehicle,1.056,32.561
tank,tank_d3_fam06_ba_beh_k02,session_052e7323,tank_d3_fam06_ba,2.0,both,1.494,13.346
tank,tank_d3_fam06_ba_beh_k06,session_aa29446b,tank_d3_fam06_ba,6.0,vehicle,0.483,35.985
tank,tank_d3_fam06_ba_beh_k12,session_9a811b7b,tank_d3_fam06_ba,12.0,both,0.552,26.508
tank,tank_d3_fam06_ba_beh_k20,session_4b0852ec,tank_d3_fam06_ba,20.0,both,-0.121,41.248
tank,tank_d3_fam07_ab_beh_k02,session_a0d20308,tank_d3_fam07_ab,2.0,aquarium,-2.11,9.874
tank,tank_d3_fam07_ab_beh_k06,session_250b1e5d,tank_d3_fam07_ab,6.0,aquarium,-1.159,20.888
tank,tank_d3_fam07_ab_beh_k12,session_e22bf061,tank_d3_fam07_ab,12.0,both,-0.784,22.475
tank,tank_d3_fam07_ab_beh_k20,session_c6ba725b,tank_d3_fam07_ab,20.0,aquarium,-0.806,21.879
tank,tank_d3_fam07_ba_beh_k02,session_7cef5ac8,tank_d3_fam07_ba,2.0,no_answer,1.441,23.21
tank,tank_d3_fam07_ba_beh_k06,session_3818b0fe,tank_d3_fam07_ba,6.0,no_answer,-0.332,37.878
tank,tank_d3_fam07_ba_beh_k12,session_369f0a89,tank_d3_fam07_ba,12.0,no_answer,-0.985,29.544
tank,tank_d3_fam07_ba_beh_k20,session_251dd478,tank_d3_fam07_ba,20.0,both,-2.17,10.534
tank,tank_d3_fam08_ab_beh_k02,session_850aaf44,tank_d3_fam08_ab,2.0,both,-1.54,11.997
tank,tank_d3_fam08_ab_beh_k06,session_ae7b01be,tank_d3_fam08_ab,6.0,both,-0.787,16.534
tank,tank_d3_fam08_ab_beh_k12,session_a7a40c87,tank_d3_fam08_ab,12.0,both,-0.152,16.036
tank,tank_d3_fam08_ab_beh_k20,session_303fc493,tank_d3_fam08_ab,20.0,both,-0.104,19.874
tank,tank_d3_fam08_ba_beh_k02,session_d413fde4,tank_d3_fam08_ba,2.0,vehicle,1.033,7.667
tank,tank_d3_fam08_ba_beh_k06,session_3d705152,tank_d3_fam08_ba,6.0,vehicle,0.92,12.754
tank,tank_d3_fam08_ba_beh_k12,session_76685e4f,tank_d3_fam08_ba,12.0,vehicle,0.227,26.719
tank,tank_d3_fam08_ba_beh_k20,session_f7b36255,tank_d3_fam08_ba,20.0,vehicle,-0.807,31.758
tank,tank_d3_fam09_ab_beh_k02,session_d8ed42ae,tank_d3_fam09_ab,2.0,aquarium,-1.649,15.736
tank,tank_d3_fam09_ab_beh_k06,session_467f5f0f,tank_d3_fam09_ab,6.0,aquarium,-1.11,23.665
tank,tank_d3_fam09_ab_beh_k12,session_d229edad,tank_d3_fam09_ab,12.0,aquarium,-0.961,22.193
tank,tank_d3_fam09_ab_beh_k20,session_82513d03,tank_d3_fam09_ab,20.0,aquarium,0.371,25.526
tank,tank_d3_fam09_ba_beh_k02,session_92d26e27,tank_d3_fam09_ba,2.0,vehicle,-0.011,36.657
tank,tank_d3_fam09_ba_beh_k06,session_4000e671,tank_d3_fam09_ba,6.0,both,0.508,25.923
tank,tank_d3_fam09_ba_beh_k12,session_ccdea204,tank_d3_fam09_ba,12.0,both,-0.558,37.191
tank,tank_d3_fam09_ba_beh_k20,session_56b0afbd,tank_d3_fam09_ba,20.0,no_answer,-1.209,23.555
tank,tank_d3_fam10_ab_beh_k02,session_a6d70895,tank_d3_fam10_ab,2.0,aquarium,-1.575,11.082
tank,tank_d3_fam10_ab_beh_k06,session_5a128ec6,tank_d3_fam10_ab,6.0,aquarium,-0.541,28.902
tank,tank_d3_fam10_ab_beh_k12,session_03314f6d,tank_d3_fam10_ab,12.0,both,0.022,25.612
tank,tank_d3_fam10_ab_beh_k20,session_3ea9b77a,tank_d3_fam10_ab,20.0,both,0.832,29.971
tank,tank_d3_fam10_ba_beh_k02,session_a2f0c200,tank_d3_fam10_ba,2.0,vehicle,2.365,9.19
tank,tank_d3_fam10_ba_beh_k06,session_e86c9961,tank_d3_fam10_ba,6.0,vehicle,-0.422,35.913
tank,tank_d3_fam10_ba_beh_k12,session_aad911cd,tank_d3_fam10_ba,12.0,both,0.603,21.719
tank,tank_d3_fam10_ba_beh_k20,session_669e1404,tank_d3_fam10_ba,20.0,both,-1.244,26.579
tank,tank_d3_fam11_ab_beh_k02,session_252a98eb,tank_d3_fam11_ab,2.0,aquarium,-1.336,14.22
tank,tank_d3_fam11_ab_beh_k06,session_fc0cbdc9,tank_d3_fam11_ab,6.0,aquarium,-0.898,18.46
tank,tank_d3_fam11_ab_beh_k12,session_0af17521,tank_d3_fam11_ab,12.0,no_answer,-0.223,32.404
tank,tank_d3_fam11_ab_beh_k20,session_927e9de0,tank_d3_fam11_ab,20.0,aquarium,-0.103,33.797
tank,tank_d3_fam11_ba_beh_k02,session_98465882,tank_d3_fam11_ba,2.0,vehicle,1.814,1.885
tank,tank_d3_fam11_ba_beh_k06,session_8775583e,tank_d3_fam11_ba,6.0,both,-0.281,40.269
tank,tank_d3_fam11_ba_beh_k12,session_241fc44b,tank_d3_fam11_ba,12.0,both,-1.497,28.998
tank,tank_d3_fam11_ba_beh_k20,session_189077fd,tank_d3_fam11_ba,20.0,both,-0.906,22.11
tank,tank_d4_fam00_a_beh_final,session_07bf54ec,tank_d4_fam00_a,,aquarium,-1.977,-3.308
tank,tank_d4_fam00_b_beh_final,session_406679db,tank_d4_fam00_b,,vehicle,1.484,-2.808
tank,tank_d4_fam02_a_beh_final,session_e215e438,tank_d4_fam02_a,,aquarium,-2.074,-2.759
tank,tank_d4_fam02_b_beh_final,session_6a0bb36f,tank_d4_fam02_b,,vehicle,2.133,1.907
tank,tank_d4_fam04_a_beh_final,session_2c636af6,tank_d4_fam04_a,,aquarium,-1.88,6.628
tank,tank_d4_fam04_b_beh_final,session_6e5d053b,tank_d4_fam04_b,,no_answer,2.477,2.774
tank,tank_d4_fam06_a_beh_final,session_87731020,tank_d4_fam06_a,,aquarium,-2.016,3.987
tank,tank_d4_fam06_b_beh_final,session_77fbd336,tank_d4_fam06_b,,vehicle,2.152,-2.981
tank,tank_d4_fam08_a_beh_final,session_f0ab4a4e,tank_d4_fam08_a,,aquarium,-1.925,4.723
tank,tank_d4_fam08_b_beh_final,session_c37d834a,tank_d4_fam08_b,,vehicle,1.578,-1.428
tank,tank_d4_fam10_a_beh_final,session_bf1d9fc2,tank_d4_fam10_a,,aquarium,-2.213,-2.524
tank,tank_d4_fam10_b_beh_final,session_f93170b2,tank_d4_fam10_b,,both,2.777,-5.185
fr,fr_s1_ar_d3_fam00_fr_beh_k02,session_069e7c97,fr_s1_ar_d3_fam00_fr,2.0,fiction_frame,0.967,24.751
fr,fr_s1_ar_d3_fam00_fr_beh_k06,session_4a5023d3,fr_s1_ar_d3_fam00_fr,6.0,safety_response,1.463,43.77
fr,fr_s1_ar_d3_fam00_fr_beh_k12,session_d3ebda11,fr_s1_ar_d3_fam00_fr,12.0,no_answer,1.259,44.743
fr,fr_s1_ar_d3_fam00_fr_beh_k20,session_d1834bc3,fr_s1_ar_d3_fam00_fr,20.0,safety_response,1.101,44.721
fr,fr_s1_ar_d3_fam00_rf_beh_k02,session_36df6155,fr_s1_ar_d3_fam00_rf,2.0,safety_response,1.82,10.507
fr,fr_s1_ar_d3_fam00_rf_beh_k06,session_ad543bc0,fr_s1_ar_d3_fam00_rf,6.0,safety_response,1.26,21.417
fr,fr_s1_ar_d3_fam00_rf_beh_k12,session_fa16f690,fr_s1_ar_d3_fam00_rf,12.0,safety_response,0.408,38.536
fr,fr_s1_ar_d3_fam00_rf_beh_k20,session_7a15b1aa,fr_s1_ar_d3_fam00_rf,20.0,safety_response,0.906,33.242
fr,fr_s1_ar_d3_fam01_fr_beh_k02,session_6c0342e6,fr_s1_ar_d3_fam01_fr,2.0,fiction_frame,-0.44,43.895
fr,fr_s1_ar_d3_fam01_fr_beh_k06,session_734dffe7,fr_s1_ar_d3_fam01_fr,6.0,safety_response,1.406,37.866
fr,fr_s1_ar_d3_fam01_fr_beh_k12,session_762a641e,fr_s1_ar_d3_fam01_fr,12.0,no_answer,1.665,31.582
fr,fr_s1_ar_d3_fam01_fr_beh_k20,session_a5bf45d1,fr_s1_ar_d3_fam01_fr,20.0,safety_response,1.664,25.417
fr,fr_s1_ar_d3_fam01_rf_beh_k02,session_0f1e4874,fr_s1_ar_d3_fam01_rf,2.0,no_answer,1.801,29.616
fr,fr_s1_ar_d3_fam01_rf_beh_k06,session_bd72e8da,fr_s1_ar_d3_fam01_rf,6.0,safety_response,0.776,61.652
fr,fr_s1_ar_d3_fam01_rf_beh_k12,session_4cb7df1c,fr_s1_ar_d3_fam01_rf,12.0,safety_response,0.874,55.898
fr,fr_s1_ar_d3_fam01_rf_beh_k20,session_805b75c2,fr_s1_ar_d3_fam01_rf,20.0,safety_response,0.012,46.684
fr,fr_s1_ar_d3_fam02_fr_beh_k02,session_ee975a99,fr_s1_ar_d3_fam02_fr,2.0,fiction_frame,0.06,69.839
fr,fr_s1_ar_d3_fam02_fr_beh_k06,session_2c9df1d0,fr_s1_ar_d3_fam02_fr,6.0,safety_response,0.812,75.406
fr,fr_s1_ar_d3_fam02_fr_beh_k12,session_e053f0fe,fr_s1_ar_d3_fam02_fr,12.0,safety_response,1.453,63.608
fr,fr_s1_ar_d3_fam02_fr_beh_k20,session_e8be6a3a,fr_s1_ar_d3_fam02_fr,20.0,safety_response,1.021,57.863
fr,fr_s1_ar_d3_fam02_rf_beh_k02,session_7cbb0178,fr_s1_ar_d3_fam02_rf,2.0,no_answer,1.402,27.393
fr,fr_s1_ar_d3_fam02_rf_beh_k06,session_a1f55a4a,fr_s1_ar_d3_fam02_rf,6.0,no_answer,0.669,45.199
fr,fr_s1_ar_d3_fam02_rf_beh_k12,session_ba31aa65,fr_s1_ar_d3_fam02_rf,12.0,safety_response,-0.902,54.816
fr,fr_s1_ar_d3_fam02_rf_beh_k20,session_d6d66f46,fr_s1_ar_d3_fam02_rf,20.0,no_answer,-0.895,44.0
fr,fr_s1_ar_d3_fam03_fr_beh_k02,session_f419b7e9,fr_s1_ar_d3_fam03_fr,2.0,safety_response,0.476,36.534
fr,fr_s1_ar_d3_fam03_fr_beh_k06,session_5f936213,fr_s1_ar_d3_fam03_fr,6.0,no_answer,1.123,51.549
fr,fr_s1_ar_d3_fam03_fr_beh_k12,session_37de48a8,fr_s1_ar_d3_fam03_fr,12.0,safety_response,0.7,57.785
fr,fr_s1_ar_d3_fam03_fr_beh_k20,session_3affcb99,fr_s1_ar_d3_fam03_fr,20.0,safety_response,1.342,56.655
fr,fr_s1_ar_d3_fam03_rf_beh_k02,session_0f4993f6,fr_s1_ar_d3_fam03_rf,2.0,safety_response,-0.123,52.516
fr,fr_s1_ar_d3_fam03_rf_beh_k06,session_7b92ffc8,fr_s1_ar_d3_fam03_rf,6.0,no_answer,-0.509,51.023
fr,fr_s1_ar_d3_fam03_rf_beh_k12,session_2b611b88,fr_s1_ar_d3_fam03_rf,12.0,safety_response,-0.292,47.844
fr,fr_s1_ar_d3_fam03_rf_beh_k20,session_62c88452,fr_s1_ar_d3_fam03_rf,20.0,safety_response,0.092,56.575
fr,fr_s1_ar_d3_fam04_fr_beh_k02,session_4b1d6018,fr_s1_ar_d3_fam04_fr,2.0,safety_response,0.357,12.032
fr,fr_s1_ar_d3_fam04_fr_beh_k06,session_85548d9e,fr_s1_ar_d3_fam04_fr,6.0,safety_response,1.283,32.695
fr,fr_s1_ar_d3_fam04_fr_beh_k12,session_e0ce3828,fr_s1_ar_d3_fam04_fr,12.0,safety_response,1.4,40.413
fr,fr_s1_ar_d3_fam04_fr_beh_k20,session_20fc3b7d,fr_s1_ar_d3_fam04_fr,20.0,safety_response,1.458,31.193
fr,fr_s1_ar_d3_fam04_rf_beh_k02,session_da3ace0b,fr_s1_ar_d3_fam04_rf,2.0,no_answer,1.585,14.496
fr,fr_s1_ar_d3_fam04_rf_beh_k06,session_e44f5e19,fr_s1_ar_d3_fam04_rf,6.0,no_answer,1.201,47.017
fr,fr_s1_ar_d3_fam04_rf_beh_k12,session_8b9dad74,fr_s1_ar_d3_fam04_rf,12.0,no_answer,0.985,34.684
fr,fr_s1_ar_d3_fam04_rf_beh_k20,session_d515c661,fr_s1_ar_d3_fam04_rf,20.0,no_answer,0.807,40.778
fr,fr_s1_ar_d3_fam05_fr_beh_k02,session_275d0215,fr_s1_ar_d3_fam05_fr,2.0,safety_response,-0.182,31.72
fr,fr_s1_ar_d3_fam05_fr_beh_k06,session_b5aa674b,fr_s1_ar_d3_fam05_fr,6.0,safety_response,0.8,43.611
fr,fr_s1_ar_d3_fam05_fr_beh_k12,session_885cd3b9,fr_s1_ar_d3_fam05_fr,12.0,safety_response,1.252,50.507
fr,fr_s1_ar_d3_fam05_fr_beh_k20,session_506a7726,fr_s1_ar_d3_fam05_fr,20.0,safety_response,1.459,42.484
fr,fr_s1_ar_d3_fam05_rf_beh_k02,session_6bb5f810,fr_s1_ar_d3_fam05_rf,2.0,safety_response,1.355,16.262
fr,fr_s1_ar_d3_fam05_rf_beh_k06,session_79ac02e8,fr_s1_ar_d3_fam05_rf,6.0,safety_response,0.604,44.968
fr,fr_s1_ar_d3_fam05_rf_beh_k12,session_995dddbb,fr_s1_ar_d3_fam05_rf,12.0,safety_response,0.281,45.057
fr,fr_s1_ar_d3_fam05_rf_beh_k20,session_f46d6c0e,fr_s1_ar_d3_fam05_rf,20.0,safety_response,0.604,47.443
fr,fr_s1_ar_d3_fam06_fr_beh_k02,session_a1347151,fr_s1_ar_d3_fam06_fr,2.0,safety_response,1.388,38.021
fr,fr_s1_ar_d3_fam06_fr_beh_k06,session_5c6f48f5,fr_s1_ar_d3_fam06_fr,6.0,no_answer,1.638,35.06
fr,fr_s1_ar_d3_fam06_fr_beh_k12,session_cbe6e609,fr_s1_ar_d3_fam06_fr,12.0,no_answer,1.673,26.854
fr,fr_s1_ar_d3_fam06_fr_beh_k20,session_2cb48dee,fr_s1_ar_d3_fam06_fr,20.0,fiction_frame,1.711,32.229
fr,fr_s1_ar_d3_fam06_rf_beh_k02,session_3a391ccc,fr_s1_ar_d3_fam06_rf,2.0,safety_response,1.338,27.941
fr,fr_s1_ar_d3_fam06_rf_beh_k06,session_ec2e8f0c,fr_s1_ar_d3_fam06_rf,6.0,safety_response,1.044,42.021
fr,fr_s1_ar_d3_fam06_rf_beh_k12,session_a30f4152,fr_s1_ar_d3_fam06_rf,12.0,no_answer,0.876,49.285
fr,fr_s1_ar_d3_fam06_rf_beh_k20,session_a88626bf,fr_s1_ar_d3_fam06_rf,20.0,no_answer,0.738,51.135
fr,fr_s1_ar_d3_fam07_fr_beh_k02,session_9c37577b,fr_s1_ar_d3_fam07_fr,2.0,no_answer,1.284,44.747
fr,fr_s1_ar_d3_fam07_fr_beh_k06,session_09cf9941,fr_s1_ar_d3_fam07_fr,6.0,no_answer,1.34,34.399
fr,fr_s1_ar_d3_fam07_fr_beh_k12,session_2611420e,fr_s1_ar_d3_fam07_fr,12.0,no_answer,1.556,36.133
fr,fr_s1_ar_d3_fam07_fr_beh_k20,session_266a7deb,fr_s1_ar_d3_fam07_fr,20.0,safety_response,1.416,30.564
fr,fr_s1_ar_d3_fam07_rf_beh_k02,session_7aba3585,fr_s1_ar_d3_fam07_rf,2.0,safety_response,1.387,33.437
fr,fr_s1_ar_d3_fam07_rf_beh_k06,session_b13b6933,fr_s1_ar_d3_fam07_rf,6.0,safety_response,0.908,54.76
fr,fr_s1_ar_d3_fam07_rf_beh_k12,session_17a851e2,fr_s1_ar_d3_fam07_rf,12.0,safety_response,0.117,57.069
fr,fr_s1_ar_d3_fam07_rf_beh_k20,session_c8d3bfd9,fr_s1_ar_d3_fam07_rf,20.0,no_answer,0.632,53.997
fr,fr_s1_ar_d3_fam08_fr_beh_k02,session_2bf56a89,fr_s1_ar_d3_fam08_fr,2.0,safety_response,0.34,38.872
fr,fr_s1_ar_d3_fam08_fr_beh_k06,session_84d2180e,fr_s1_ar_d3_fam08_fr,6.0,safety_response,0.665,55.651
fr,fr_s1_ar_d3_fam08_fr_beh_k12,session_03866f77,fr_s1_ar_d3_fam08_fr,12.0,safety_response,1.172,49.879
fr,fr_s1_ar_d3_fam08_fr_beh_k20,session_fc1faaef,fr_s1_ar_d3_fam08_fr,20.0,safety_response,1.814,41.634
fr,fr_s1_ar_d3_fam08_rf_beh_k02,session_dea076c2,fr_s1_ar_d3_fam08_rf,2.0,no_answer,1.631,27.319
fr,fr_s1_ar_d3_fam08_rf_beh_k06,session_a34bec41,fr_s1_ar_d3_fam08_rf,6.0,safety_response,0.834,60.251
fr,fr_s1_ar_d3_fam08_rf_beh_k12,session_48968164,fr_s1_ar_d3_fam08_rf,12.0,safety_response,0.891,57.203
fr,fr_s1_ar_d3_fam08_rf_beh_k20,session_063c2ffe,fr_s1_ar_d3_fam08_rf,20.0,safety_response,0.769,41.435
fr,fr_s1_ar_d3_fam09_fr_beh_k02,session_a433ece8,fr_s1_ar_d3_fam09_fr,2.0,safety_response,0.848,19.039
fr,fr_s1_ar_d3_fam09_fr_beh_k06,session_d13ab1ab,fr_s1_ar_d3_fam09_fr,6.0,safety_response,1.272,28.515
fr,fr_s1_ar_d3_fam09_fr_beh_k12,session_78b01a73,fr_s1_ar_d3_fam09_fr,12.0,no_answer,1.23,36.219
fr,fr_s1_ar_d3_fam09_fr_beh_k20,session_2fb91df9,fr_s1_ar_d3_fam09_fr,20.0,safety_response,1.499,24.578
fr,fr_s1_ar_d3_fam09_rf_beh_k02,session_ece3f06c,fr_s1_ar_d3_fam09_rf,2.0,no_answer,1.163,31.683
fr,fr_s1_ar_d3_fam09_rf_beh_k06,session_6f11db87,fr_s1_ar_d3_fam09_rf,6.0,no_answer,0.1,44.389
fr,fr_s1_ar_d3_fam09_rf_beh_k12,session_71155b28,fr_s1_ar_d3_fam09_rf,12.0,no_answer,0.273,35.71
fr,fr_s1_ar_d3_fam09_rf_beh_k20,session_700c030d,fr_s1_ar_d3_fam09_rf,20.0,fiction_frame,0.415,30.273
fr,fr_s1_ar_d3_fam10_fr_beh_k02,session_45c0b511,fr_s1_ar_d3_fam10_fr,2.0,safety_response,0.975,29.45
fr,fr_s1_ar_d3_fam10_fr_beh_k06,session_dedeebfa,fr_s1_ar_d3_fam10_fr,6.0,no_answer,1.082,30.678
fr,fr_s1_ar_d3_fam10_fr_beh_k12,session_455f5505,fr_s1_ar_d3_fam10_fr,12.0,safety_response,1.473,32.321
fr,fr_s1_ar_d3_fam10_fr_beh_k20,session_bf61af43,fr_s1_ar_d3_fam10_fr,20.0,safety_response,1.697,27.138
fr,fr_s1_ar_d3_fam10_rf_beh_k02,session_c9c3661f,fr_s1_ar_d3_fam10_rf,2.0,safety_response,1.559,23.421
fr,fr_s1_ar_d3_fam10_rf_beh_k06,session_ee225519,fr_s1_ar_d3_fam10_rf,6.0,safety_response,1.105,47.628
fr,fr_s1_ar_d3_fam10_rf_beh_k12,session_24c6c6ae,fr_s1_ar_d3_fam10_rf,12.0,safety_response,0.953,60.253
fr,fr_s1_ar_d3_fam10_rf_beh_k20,session_a80cc506,fr_s1_ar_d3_fam10_rf,20.0,safety_response,0.806,58.754
fr,fr_s1_ar_d3_fam11_fr_beh_k02,session_5531ba8a,fr_s1_ar_d3_fam11_fr,2.0,no_answer,1.093,27.824
fr,fr_s1_ar_d3_fam11_fr_beh_k06,session_f891d69f,fr_s1_ar_d3_fam11_fr,6.0,fiction_frame,1.039,30.53
fr,fr_s1_ar_d3_fam11_fr_beh_k12,session_8b0d7f4f,fr_s1_ar_d3_fam11_fr,12.0,no_answer,1.442,38.759
fr,fr_s1_ar_d3_fam11_fr_beh_k20,session_30dec654,fr_s1_ar_d3_fam11_fr,20.0,fiction_frame,1.199,35.881
fr,fr_s1_ar_d3_fam11_rf_beh_k02,session_2796579b,fr_s1_ar_d3_fam11_rf,2.0,safety_response,1.695,17.171
fr,fr_s1_ar_d3_fam11_rf_beh_k06,session_e1ee0312,fr_s1_ar_d3_fam11_rf,6.0,safety_response,1.949,17.689
fr,fr_s1_ar_d3_fam11_rf_beh_k12,session_3004dfd2,fr_s1_ar_d3_fam11_rf,12.0,no_answer,0.91,28.901
fr,fr_s1_ar_d3_fam11_rf_beh_k20,session_7ce4e5f6,fr_s1_ar_d3_fam11_rf,20.0,fiction_frame,1.007,27.344
fr,fr_s1_th_d3_fam00_fr_beh_k02,session_5d61f048,fr_s1_th_d3_fam00_fr,2.0,safety_response,0.66,23.82
fr,fr_s1_th_d3_fam00_fr_beh_k06,session_c0cc9413,fr_s1_th_d3_fam00_fr,6.0,safety_response,0.484,49.205
fr,fr_s1_th_d3_fam00_fr_beh_k12,session_185828ed,fr_s1_th_d3_fam00_fr,12.0,no_answer,1.152,42.028
fr,fr_s1_th_d3_fam00_fr_beh_k20,session_bcdbf2dd,fr_s1_th_d3_fam00_fr,20.0,no_answer,1.414,39.502
fr,fr_s1_th_d3_fam00_rf_beh_k02,session_f11747d7,fr_s1_th_d3_fam00_rf,2.0,safety_response,0.637,17.102
fr,fr_s1_th_d3_fam00_rf_beh_k06,session_e36029e6,fr_s1_th_d3_fam00_rf,6.0,safety_response,-0.318,43.864
fr,fr_s1_th_d3_fam00_rf_beh_k12,session_9fc86c34,fr_s1_th_d3_fam00_rf,12.0,no_answer,-0.044,47.71
fr,fr_s1_th_d3_fam00_rf_beh_k20,session_6ae3c135,fr_s1_th_d3_fam00_rf,20.0,safety_response,-0.298,42.553
fr,fr_s1_th_d3_fam01_fr_beh_k02,session_7549efd3,fr_s1_th_d3_fam01_fr,2.0,no_answer,0.023,25.452
fr,fr_s1_th_d3_fam01_fr_beh_k06,session_003e2829,fr_s1_th_d3_fam01_fr,6.0,no_answer,0.07,43.79
fr,fr_s1_th_d3_fam01_fr_beh_k12,session_d3062eea,fr_s1_th_d3_fam01_fr,12.0,no_answer,0.854,57.199
fr,fr_s1_th_d3_fam01_fr_beh_k20,session_ce3c5bc4,fr_s1_th_d3_fam01_fr,20.0,no_answer,1.064,51.481
fr,fr_s1_th_d3_fam01_rf_beh_k02,session_dafec74a,fr_s1_th_d3_fam01_rf,2.0,safety_response,0.773,32.422
fr,fr_s1_th_d3_fam01_rf_beh_k06,session_ba538602,fr_s1_th_d3_fam01_rf,6.0,safety_response,0.45,49.591
fr,fr_s1_th_d3_fam01_rf_beh_k12,session_31fc1422,fr_s1_th_d3_fam01_rf,12.0,safety_response,0.558,47.317
fr,fr_s1_th_d3_fam01_rf_beh_k20,session_45f33e2d,fr_s1_th_d3_fam01_rf,20.0,no_answer,-0.207,42.287
fr,fr_s1_th_d3_fam02_fr_beh_k02,session_a294692f,fr_s1_th_d3_fam02_fr,2.0,safety_response,-0.189,6.784
fr,fr_s1_th_d3_fam02_fr_beh_k06,session_9f88307d,fr_s1_th_d3_fam02_fr,6.0,safety_response,0.664,55.328
fr,fr_s1_th_d3_fam02_fr_beh_k12,session_1f1cd618,fr_s1_th_d3_fam02_fr,12.0,no_answer,1.046,55.298
fr,fr_s1_th_d3_fam02_fr_beh_k20,session_963a9935,fr_s1_th_d3_fam02_fr,20.0,safety_response,0.883,58.369
fr,fr_s1_th_d3_fam02_rf_beh_k02,session_4656a7b8,fr_s1_th_d3_fam02_rf,2.0,safety_response,1.59,8.045
fr,fr_s1_th_d3_fam02_rf_beh_k06,session_e7954584,fr_s1_th_d3_fam02_rf,6.0,no_answer,0.794,40.366
fr,fr_s1_th_d3_fam02_rf_beh_k12,session_4c9d5e13,fr_s1_th_d3_fam02_rf,12.0,no_answer,0.971,25.513
fr,fr_s1_th_d3_fam02_rf_beh_k20,session_2a913944,fr_s1_th_d3_fam02_rf,20.0,safety_response,-0.152,24.352
fr,fr_s1_th_d3_fam03_fr_beh_k02,session_9a6cde14,fr_s1_th_d3_fam03_fr,2.0,no_answer,1.133,12.404
fr,fr_s1_th_d3_fam03_fr_beh_k06,session_56b2de2c,fr_s1_th_d3_fam03_fr,6.0,no_answer,1.321,35.678
fr,fr_s1_th_d3_fam03_fr_beh_k12,session_44ce02f9,fr_s1_th_d3_fam03_fr,12.0,safety_response,1.474,31.402
fr,fr_s1_th_d3_fam03_fr_beh_k20,session_33f3b857,fr_s1_th_d3_fam03_fr,20.0,no_answer,1.577,30.529
fr,fr_s1_th_d3_fam03_rf_beh_k02,session_b452ce52,fr_s1_th_d3_fam03_rf,2.0,no_answer,0.897,28.816
fr,fr_s1_th_d3_fam03_rf_beh_k06,session_28c65ce8,fr_s1_th_d3_fam03_rf,6.0,safety_response,1.222,35.408
fr,fr_s1_th_d3_fam03_rf_beh_k12,session_87dc58ac,fr_s1_th_d3_fam03_rf,12.0,no_answer,1.344,24.047
fr,fr_s1_th_d3_fam03_rf_beh_k20,session_f86dd1ea,fr_s1_th_d3_fam03_rf,20.0,safety_response,0.926,31.014
fr,fr_s1_th_d3_fam04_fr_beh_k02,session_c2b545ff,fr_s1_th_d3_fam04_fr,2.0,safety_response,1.123,33.453
fr,fr_s1_th_d3_fam04_fr_beh_k06,session_0eb3ce54,fr_s1_th_d3_fam04_fr,6.0,safety_response,1.374,41.281
fr,fr_s1_th_d3_fam04_fr_beh_k12,session_d6c2df70,fr_s1_th_d3_fam04_fr,12.0,safety_response,1.413,31.001
fr,fr_s1_th_d3_fam04_fr_beh_k20,session_9172242e,fr_s1_th_d3_fam04_fr,20.0,safety_response,1.407,33.526
fr,fr_s1_th_d3_fam04_rf_beh_k02,session_f81356aa,fr_s1_th_d3_fam04_rf,2.0,no_answer,1.531,16.918
fr,fr_s1_th_d3_fam04_rf_beh_k06,session_38ae7980,fr_s1_th_d3_fam04_rf,6.0,no_answer,1.359,30.521
fr,fr_s1_th_d3_fam04_rf_beh_k12,session_43ac7b31,fr_s1_th_d3_fam04_rf,12.0,no_answer,1.25,38.941
fr,fr_s1_th_d3_fam04_rf_beh_k20,session_d30d205e,fr_s1_th_d3_fam04_rf,20.0,no_answer,0.899,39.072
fr,fr_s1_th_d3_fam05_fr_beh_k02,session_ce26eece,fr_s1_th_d3_fam05_fr,2.0,no_answer,0.542,50.008
fr,fr_s1_th_d3_fam05_fr_beh_k06,session_8dd6313d,fr_s1_th_d3_fam05_fr,6.0,safety_response,1.362,47.699
fr,fr_s1_th_d3_fam05_fr_beh_k12,session_6a9ab450,fr_s1_th_d3_fam05_fr,12.0,safety_response,1.26,45.328
fr,fr_s1_th_d3_fam05_fr_beh_k20,session_97b00e81,fr_s1_th_d3_fam05_fr,20.0,safety_response,1.066,42.945
fr,fr_s1_th_d3_fam05_rf_beh_k02,session_b6423c22,fr_s1_th_d3_fam05_rf,2.0,safety_response,1.011,32.113
fr,fr_s1_th_d3_fam05_rf_beh_k06,session_d4e141f3,fr_s1_th_d3_fam05_rf,6.0,no_answer,1.1,33.541
fr,fr_s1_th_d3_fam05_rf_beh_k12,session_09d6b114,fr_s1_th_d3_fam05_rf,12.0,no_answer,0.04,37.831
fr,fr_s1_th_d3_fam05_rf_beh_k20,session_bfa51e2e,fr_s1_th_d3_fam05_rf,20.0,no_answer,-0.164,41.794
fr,fr_s1_th_d3_fam06_fr_beh_k02,session_1d3597c6,fr_s1_th_d3_fam06_fr,2.0,no_answer,1.734,40.636
fr,fr_s1_th_d3_fam06_fr_beh_k06,session_c7aafbb9,fr_s1_th_d3_fam06_fr,6.0,safety_response,1.526,51.183
fr,fr_s1_th_d3_fam06_fr_beh_k12,session_fbdf6537,fr_s1_th_d3_fam06_fr,12.0,no_answer,1.731,41.777
fr,fr_s1_th_d3_fam06_fr_beh_k20,session_28c42da9,fr_s1_th_d3_fam06_fr,20.0,no_answer,1.639,37.758
fr,fr_s1_th_d3_fam06_rf_beh_k02,session_1e96cc1f,fr_s1_th_d3_fam06_rf,2.0,safety_response,1.093,22.312
fr,fr_s1_th_d3_fam06_rf_beh_k06,session_934a6506,fr_s1_th_d3_fam06_rf,6.0,no_answer,0.989,47.194
fr,fr_s1_th_d3_fam06_rf_beh_k12,session_95db4d56,fr_s1_th_d3_fam06_rf,12.0,no_answer,1.02,35.436
fr,fr_s1_th_d3_fam06_rf_beh_k20,session_81f28886,fr_s1_th_d3_fam06_rf,20.0,no_answer,0.941,39.387
fr,fr_s1_th_d3_fam07_fr_beh_k02,session_3948c821,fr_s1_th_d3_fam07_fr,2.0,safety_response,-0.155,1.286
fr,fr_s1_th_d3_fam07_fr_beh_k06,session_4fb6af7d,fr_s1_th_d3_fam07_fr,6.0,no_answer,0.683,30.538
fr,fr_s1_th_d3_fam07_fr_beh_k12,session_3f44bb5b,fr_s1_th_d3_fam07_fr,12.0,safety_response,1.182,30.844
fr,fr_s1_th_d3_fam07_fr_beh_k20,session_a66bd606,fr_s1_th_d3_fam07_fr,20.0,safety_response,1.257,30.308
fr,fr_s1_th_d3_fam07_rf_beh_k02,session_fb1f6559,fr_s1_th_d3_fam07_rf,2.0,safety_response,1.374,30.837
fr,fr_s1_th_d3_fam07_rf_beh_k06,session_9f65bf5f,fr_s1_th_d3_fam07_rf,6.0,safety_response,0.808,39.071
fr,fr_s1_th_d3_fam07_rf_beh_k12,session_1611232a,fr_s1_th_d3_fam07_rf,12.0,safety_response,0.486,38.104
fr,fr_s1_th_d3_fam07_rf_beh_k20,session_80880a02,fr_s1_th_d3_fam07_rf,20.0,safety_response,0.751,26.521
fr,fr_s1_th_d3_fam08_fr_beh_k02,session_29d773a0,fr_s1_th_d3_fam08_fr,2.0,no_answer,0.125,6.752
fr,fr_s1_th_d3_fam08_fr_beh_k06,session_439bdfd6,fr_s1_th_d3_fam08_fr,6.0,no_answer,0.865,21.382
fr,fr_s1_th_d3_fam08_fr_beh_k12,session_2c162fdb,fr_s1_th_d3_fam08_fr,12.0,no_answer,1.358,29.967
fr,fr_s1_th_d3_fam08_fr_beh_k20,session_b5376b35,fr_s1_th_d3_fam08_fr,20.0,no_answer,1.294,29.021
fr,fr_s1_th_d3_fam08_rf_beh_k02,session_ef180987,fr_s1_th_d3_fam08_rf,2.0,safety_response,1.39,29.817
fr,fr_s1_th_d3_fam08_rf_beh_k06,session_4fb5bc3d,fr_s1_th_d3_fam08_rf,6.0,no_answer,1.134,48.998
fr,fr_s1_th_d3_fam08_rf_beh_k12,session_f26307ce,fr_s1_th_d3_fam08_rf,12.0,no_answer,0.8,40.235
fr,fr_s1_th_d3_fam08_rf_beh_k20,session_dfbee1ea,fr_s1_th_d3_fam08_rf,20.0,no_answer,0.226,40.267
fr,fr_s1_th_d3_fam09_fr_beh_k02,session_b458fbb6,fr_s1_th_d3_fam09_fr,2.0,no_answer,0.818,29.027
fr,fr_s1_th_d3_fam09_fr_beh_k06,session_685749ac,fr_s1_th_d3_fam09_fr,6.0,no_answer,1.191,28.56
fr,fr_s1_th_d3_fam09_fr_beh_k12,session_65d99904,fr_s1_th_d3_fam09_fr,12.0,no_answer,1.46,29.825
fr,fr_s1_th_d3_fam09_fr_beh_k20,session_578fbd2f,fr_s1_th_d3_fam09_fr,20.0,no_answer,1.464,22.489
fr,fr_s1_th_d3_fam09_rf_beh_k02,session_f9ac25e5,fr_s1_th_d3_fam09_rf,2.0,safety_response,-0.156,31.11
fr,fr_s1_th_d3_fam09_rf_beh_k06,session_7a045cce,fr_s1_th_d3_fam09_rf,6.0,safety_response,0.028,24.793
fr,fr_s1_th_d3_fam09_rf_beh_k12,session_6f96b5ff,fr_s1_th_d3_fam09_rf,12.0,safety_response,0.428,30.937
fr,fr_s1_th_d3_fam09_rf_beh_k20,session_6e922ca7,fr_s1_th_d3_fam09_rf,20.0,safety_response,0.49,22.11
fr,fr_s1_th_d3_fam10_fr_beh_k02,session_b58f76c4,fr_s1_th_d3_fam10_fr,2.0,no_answer,0.862,11.156
fr,fr_s1_th_d3_fam10_fr_beh_k06,session_c3cfc90a,fr_s1_th_d3_fam10_fr,6.0,safety_response,1.218,29.481
fr,fr_s1_th_d3_fam10_fr_beh_k12,session_270011fb,fr_s1_th_d3_fam10_fr,12.0,safety_response,1.435,37.617
fr,fr_s1_th_d3_fam10_fr_beh_k20,session_e0d90829,fr_s1_th_d3_fam10_fr,20.0,no_answer,1.725,28.332
fr,fr_s1_th_d3_fam10_rf_beh_k02,session_fce83861,fr_s1_th_d3_fam10_rf,2.0,no_answer,1.156,27.796
fr,fr_s1_th_d3_fam10_rf_beh_k06,session_84d965d5,fr_s1_th_d3_fam10_rf,6.0,no_answer,1.481,27.252
fr,fr_s1_th_d3_fam10_rf_beh_k12,session_34215377,fr_s1_th_d3_fam10_rf,12.0,no_answer,1.556,33.52
fr,fr_s1_th_d3_fam10_rf_beh_k20,session_6a7c1576,fr_s1_th_d3_fam10_rf,20.0,safety_response,1.299,26.833
fr,fr_s1_th_d3_fam11_fr_beh_k02,session_d6e60505,fr_s1_th_d3_fam11_fr,2.0,no_answer,1.425,10.781
fr,fr_s1_th_d3_fam11_fr_beh_k06,session_73dcc47d,fr_s1_th_d3_fam11_fr,6.0,no_answer,1.528,19.521
fr,fr_s1_th_d3_fam11_fr_beh_k12,session_34ad301b,fr_s1_th_d3_fam11_fr,12.0,safety_response,1.738,21.797
fr,fr_s1_th_d3_fam11_fr_beh_k20,session_5b562bbe,fr_s1_th_d3_fam11_fr,20.0,no_answer,1.698,21.553
fr,fr_s1_th_d3_fam11_rf_beh_k02,session_ad9ee039,fr_s1_th_d3_fam11_rf,2.0,no_answer,2.029,8.234
fr,fr_s1_th_d3_fam11_rf_beh_k06,session_e336bd5e,fr_s1_th_d3_fam11_rf,6.0,safety_response,1.66,21.021
fr,fr_s1_th_d3_fam11_rf_beh_k12,session_77313ca1,fr_s1_th_d3_fam11_rf,12.0,safety_response,1.033,23.914
fr,fr_s1_th_d3_fam11_rf_beh_k20,session_c720eb0c,fr_s1_th_d3_fam11_rf,20.0,safety_response,1.462,33.745
fr,fr_s1_th_d4_fam00_f_beh_final,session_f2d5442b,fr_s1_th_d4_fam00_f,,safety_response,0.005,5.148
fr,fr_s1_th_d4_fam00_r_beh_final,session_c675e953,fr_s1_th_d4_fam00_r,,safety_response,1.843,0.903
fr,fr_s1_th_d4_fam02_f_beh_final,session_dfda8ea8,fr_s1_th_d4_fam02_f,,no_answer,-0.91,0.682
fr,fr_s1_th_d4_fam02_r_beh_final,session_f0b9f5c5,fr_s1_th_d4_fam02_r,,safety_response,1.863,2.199
fr,fr_s1_th_d4_fam04_f_beh_final,session_cc1823c7,fr_s1_th_d4_fam04_f,,no_answer,0.062,4.384
fr,fr_s1_th_d4_fam04_r_beh_final,session_8185e7fa,fr_s1_th_d4_fam04_r,,safety_response,1.906,-2.258
fr,fr_s1_th_d4_fam06_f_beh_final,session_f25f78cb,fr_s1_th_d4_fam06_f,,no_answer,0.074,2.085
fr,fr_s1_th_d4_fam06_r_beh_final,session_7b886a4e,fr_s1_th_d4_fam06_r,,safety_response,1.709,-2.571
fr,fr_s1_th_d4_fam08_f_beh_final,session_e1185a3e,fr_s1_th_d4_fam08_f,,no_answer,0.314,-0.254
fr,fr_s1_th_d4_fam08_r_beh_final,session_56ec17e2,fr_s1_th_d4_fam08_r,,no_answer,1.619,-1.83
fr,fr_s1_th_d4_fam10_f_beh_final,session_572af3af,fr_s1_th_d4_fam10_f,,safety_response,1.213,-3.774
fr,fr_s1_th_d4_fam10_r_beh_final,session_03f88174,fr_s1_th_d4_fam10_r,,safety_response,1.905,-1.827
