set	session	probes	has_gen	has_lp	status
tank_d3_fam00_ab_beh_k02	session_2ba7e29e	1	1	1	ok
tank_d3_fam00_ab_beh_k06	session_ed171c20	1	1	1	ok
tank_d3_fam00_ab_beh_k12	session_c5916b8d	1	1	1	ok
tank_d3_fam00_ab_beh_k20	session_003449af	1	1	1	ok
tank_d3_fam00_ba_beh_k02	session_bc250916	1	1	1	ok
tank_d3_fam00_ba_beh_k06	session_e13409d6	1	1	1	ok
tank_d3_fam00_ba_beh_k12	session_a979d40c	1	1	1	ok
tank_d3_fam00_ba_beh_k20	session_4f87b5cc	1	1	1	ok
tank_d3_fam01_ab_beh_k02	session_ed19f7ec	1	1	1	ok
tank_d3_fam01_ab_beh_k06	session_459d1ce1	1	1	1	ok
tank_d3_fam01_ab_beh_k12	session_866b292b	1	1	1	ok
tank_d3_fam01_ab_beh_k20	session_11cf2af6	1	1	1	ok
tank_d3_fam01_ba_beh_k02	session_a08ee907	1	1	1	ok
tank_d3_fam01_ba_beh_k06	session_61fdaa8a	1	1	1	ok
tank_d3_fam01_ba_beh_k12	session_335ef179	1	1	1	ok
tank_d3_fam01_ba_beh_k20	session_32c13e92	1	1	1	ok
tank_d3_fam02_ab_beh_k02	session_ebf23f3b	1	1	1	ok
tank_d3_fam02_ab_beh_k06	session_ed7759b3	1	1	1	ok
tank_d3_fam02_ab_beh_k12	session_d70885da	1	1	1	ok
tank_d3_fam02_ab_beh_k20	session_13a38ba3	1	1	1	ok
tank_d3_fam02_ba_beh_k02	session_5521d227	1	1	1	ok
tank_d3_fam02_ba_beh_k06	session_2a8f5696	1	1	1	ok
tank_d3_fam02_ba_beh_k12	session_e2c1e05c	1	1	1	ok
tank_d3_fam02_ba_beh_k20	session_4d8003ed	1	1	1	ok
tank_d3_fam03_ab_beh_k02	session_cd4426ed	1	1	1	ok
tank_d3_fam03_ab_beh_k06	session_8c920903	1	1	1	ok
tank_d3_fam03_ab_beh_k12	session_4ee5250a	1	1	1	ok
tank_d3_fam03_ab_beh_k20	session_f00516e3	1	1	1	ok
tank_d3_fam03_ba_beh_k02	session_257eb8cc	1	1	1	ok
tank_d3_fam03_ba_beh_k06	session_6edbbedb	1	1	1	ok
tank_d3_fam03_ba_beh_k12	session_2bc21fd9	1	1	1	ok
tank_d3_fam03_ba_beh_k20	session_4c4a1ef5	1	1	1	ok
tank_d3_fam04_ab_beh_k02	session_a4b3ff7c	1	1	1	ok
tank_d3_fam04_ab_beh_k06	session_dc3b30cd	1	1	1	ok
tank_d3_fam04_ab_beh_k12	session_3bb8611d	1	1	1	ok
tank_d3_fam04_ab_beh_k20	session_4d781336	1	1	1	ok
tank_d3_fam04_ba_beh_k02	session_e48a9503	1	1	1	ok
tank_d3_fam04_ba_beh_k06	session_d0e7eb81	1	1	1	ok
tank_d3_fam04_ba_beh_k12	session_1f2af81b	1	1	1	ok
tank_d3_fam04_ba_beh_k20	session_8a0bf417	1	1	1	ok
tank_d3_fam05_ab_beh_k02	session_85b4e38e	1	1	1	ok
tank_d3_fam05_ab_beh_k06	session_449eeeca	1	1	1	ok
tank_d3_fam05_ab_beh_k12	session_7485dd6c	1	1	1	ok
tank_d3_fam05_ab_beh_k20	session_d2271dad	1	1	1	ok
tank_d3_fam05_ba_beh_k02	session_9270b53e	1	1	1	ok
tank_d3_fam05_ba_beh_k06	session_9a2659bb	1	1	1	ok
tank_d3_fam05_ba_beh_k12	session_e18a62d5	1	1	1	ok
tank_d3_fam05_ba_beh_k20	session_b91c0234	1	1	1	ok
tank_d3_fam06_ab_beh_k02	session_d7172d66	1	1	1	ok
tank_d3_fam06_ab_beh_k06	session_6a592735	1	1	1	ok
tank_d3_fam06_ab_beh_k12	session_bb0adc7b	1	1	1	ok
tank_d3_fam06_ab_beh_k20	session_8165447c	1	1	1	ok
tank_d3_fam06_ba_beh_k02	session_9866d777	1	1	1	ok
tank_d3_fam06_ba_beh_k06	session_832ec5b1	1	1	1	ok
tank_d3_fam06_ba_beh_k12	session_5045245a	1	1	1	ok
tank_d3_fam06_ba_beh_k20	session_f5e3f53a	1	1	1	ok
tank_d3_fam07_ab_beh_k02	session_193da0a8	1	1	1	ok
tank_d3_fam07_ab_beh_k06	session_5059df48	1	1	1	ok
tank_d3_fam07_ab_beh_k12	session_bc7efd71	1	1	1	ok
tank_d3_fam07_ab_beh_k20	session_42dfeebf	1	1	1	ok
tank_d3_fam07_ba_beh_k02	session_4d47e007	1	1	1	ok
tank_d3_fam07_ba_beh_k06	session_3412cedb	1	1	1	ok
tank_d3_fam07_ba_beh_k12	session_82b389dc	1	1	1	ok
tank_d3_fam07_ba_beh_k20	session_e5f233e5	1	1	1	ok
tank_d3_fam08_ab_beh_k02	session_9ce39a9a	1	1	1	ok
tank_d3_fam08_ab_beh_k06	session_97730364	1	1	1	ok
tank_d3_fam08_ab_beh_k12	session_5096cf18	1	1	1	ok
tank_d3_fam08_ab_beh_k20	session_3da378d5	1	1	1	ok
tank_d3_fam08_ba_beh_k02	session_f9377809	1	1	1	ok
tank_d3_fam08_ba_beh_k06	session_dbb71461	1	1	1	ok
tank_d3_fam08_ba_beh_k12	session_2e441685	1	1	1	ok
tank_d3_fam08_ba_beh_k20	session_386d6436	1	1	1	ok
tank_d3_fam09_ab_beh_k02	session_eb00f535	1	1	1	ok
tank_d3_fam09_ab_beh_k06	session_4d5fce30	1	1	1	ok
tank_d3_fam09_ab_beh_k12	session_c6b64779	1	1	1	ok
tank_d3_fam09_ab_beh_k20	session_4c116e85	1	1	1	ok
tank_d3_fam09_ba_beh_k02	session_56ed6d54	1	1	1	ok
tank_d3_fam09_ba_beh_k06	session_76b3a595	1	1	1	ok
tank_d3_fam09_ba_beh_k12	session_57163343	1	1	1	ok
tank_d3_fam09_ba_beh_k20	session_1f7bba36	1	1	1	ok
tank_d3_fam10_ab_beh_k02	session_306416ed	1	1	1	ok
tank_d3_fam10_ab_beh_k06	session_c60bfa18	1	1	1	ok
tank_d3_fam10_ab_beh_k12	session_85f2d529	1	1	1	ok
tank_d3_fam10_ab_beh_k20	session_9d228147	1	1	1	ok
tank_d3_fam10_ba_beh_k02	session_6ea96113	1	1	1	ok
tank_d3_fam10_ba_beh_k06	session_1c18f4a3	1	1	1	ok
tank_d3_fam10_ba_beh_k12	session_ff0cd7df	1	1	1	ok
tank_d3_fam10_ba_beh_k20	session_6e4d4ff6	1	1	1	ok
tank_d3_fam11_ab_beh_k02	session_b64ae2bf	1	1	1	ok
tank_d3_fam11_ab_beh_k06	session_30602ee4	1	1	1	ok
tank_d3_fam11_ab_beh_k12	session_e1d1c149	1	1	1	ok
tank_d3_fam11_ab_beh_k20	session_42e221a2	1	1	1	ok
tank_d3_fam11_ba_beh_k02	session_7b6be7b5	1	1	1	ok
tank_d3_fam11_ba_beh_k06	session_d46ee7df	1	1	1	ok
tank_d3_fam11_ba_beh_k12	session_6e99e4e1	1	1	1	ok
tank_d3_fam11_ba_beh_k20	session_c453abfc	1	1	1	ok
tank_d4_fam00_a_beh_final	session_f1896c75	1	1	1	ok
tank_d4_fam00_b_beh_final	session_f3df3802	1	1	1	ok
tank_d4_fam02_a_beh_final	session_c29ded11	1	1	1	ok
tank_d4_fam02_b_beh_final	session_ccfc71ca	1	1	1	ok
tank_d4_fam04_a_beh_final	session_6a188931	1	1	1	ok
tank_d4_fam04_b_beh_final	session_a4349794	1	1	1	ok
tank_d4_fam06_a_beh_final	session_5156316c	1	1	1	ok
tank_d4_fam06_b_beh_final	session_a5090b8d	1	1	1	ok
tank_d4_fam08_a_beh_final	session_eedb9d76	1	1	1	ok
tank_d4_fam08_b_beh_final	session_52f22582	1	1	1	ok
tank_d4_fam10_a_beh_final	session_610a4caa	1	1	1	ok
tank_d4_fam10_b_beh_final	session_b54ac573	1	1	1	ok
