set	session	probes	has_gen	has_lp	status	cap	pinned_date	reached_final	gen_chars	seconds	sampled	temperature	top_p	seed
tank_d3_fam00_ab_beh_k02	session_228ddf69	1	1	1	ok	2048	2026-08-29	1	3146	55.4	1	1.0	1.0	20260907
tank_d3_fam00_ab_beh_k06	session_12bcc347	1	1	1	ok	2048	2026-08-29	1	3785	64.2	1	1.0	1.0	20260907
tank_d3_fam00_ab_beh_k12	session_4678b278	1	1	1	ok	2048	2026-08-29	1	6629	120.7	1	1.0	1.0	20260907
tank_d3_fam00_ab_beh_k20	session_bafed2f0	1	1	1	ok	2048	2026-08-29	1	2105	75.4	1	1.0	1.0	20260907
tank_d3_fam00_ba_beh_k02	session_af4762ec	1	1	1	ok	2048	2026-08-29	1	1350	23.1	1	1.0	1.0	20260907
tank_d3_fam00_ba_beh_k06	session_3a914e19	1	1	1	ok	2048	2026-08-29	1	1052	28.3	1	1.0	1.0	20260907
tank_d3_fam00_ba_beh_k12	session_3a8e8865	1	1	1	ok	2048	2026-08-29	1	2189	52.9	1	1.0	1.0	20260907
tank_d3_fam00_ba_beh_k20	session_4c8dc391	1	1	1	ok	2048	2026-08-29	1	1104	62.5	1	1.0	1.0	20260907
tank_d3_fam01_ab_beh_k02	session_ae691f4c	1	1	1	ok	2048	2026-08-29	1	2277	32.3	1	1.0	1.0	20260907
tank_d3_fam01_ab_beh_k06	session_0e63f1d8	1	1	1	ok	2048	2026-08-29	1	1114	29.7	1	1.0	1.0	20260907
tank_d3_fam01_ab_beh_k12	session_f058dc4b	1	1	1	ok	2048	2026-08-29	1	2421	68.0	1	1.0	1.0	20260907
tank_d3_fam01_ab_beh_k20	session_10141d5b	1	1	1	ok	2048	2026-08-29	1	4143	121.3	1	1.0	1.0	20260907
tank_d3_fam01_ba_beh_k02	session_553f4cfa	1	1	1	ok	2048	2026-08-29	1	1480	46.4	1	1.0	1.0	20260907
tank_d3_fam01_ba_beh_k06	session_eece9c05	1	1	1	ok	2048	2026-08-29	1	1724	57.6	1	1.0	1.0	20260907
tank_d3_fam01_ba_beh_k12	session_9b16f81f	1	1	1	ok	2048	2026-08-29	1	2242	80.9	1	1.0	1.0	20260907
tank_d3_fam01_ba_beh_k20	session_73dffc9c	1	1	1	ok	2048	2026-08-29	1	3142	98.8	1	1.0	1.0	20260907
tank_d3_fam02_ab_beh_k02	session_34592035	1	1	1	ok	2048	2026-08-29	1	2605	62.7	1	1.0	1.0	20260907
tank_d3_fam02_ab_beh_k06	session_939f09ce	1	1	1	ok	2048	2026-08-29	1	2444	71.7	1	1.0	1.0	20260907
tank_d3_fam02_ab_beh_k12	session_0833ab2a	1	1	1	ok	2048	2026-08-29	1	4474	119.3	1	1.0	1.0	20260907
tank_d3_fam02_ab_beh_k20	session_c2fad090	1	1	1	ok	2048	2026-08-29	1	3365	116.2	1	1.0	1.0	20260907
tank_d3_fam02_ba_beh_k02	session_e58c096b	1	1	1	ok	2048	2026-08-29	1	2738	61.8	1	1.0	1.0	20260907
tank_d3_fam02_ba_beh_k06	session_7d80c86f	1	1	1	ok	2048	2026-08-29	1	3585	87.8	1	1.0	1.0	20260907
tank_d3_fam02_ba_beh_k12	session_2f566edc	1	1	1	ok	2048	2026-08-29	1	3370	98.5	1	1.0	1.0	20260907
tank_d3_fam02_ba_beh_k20	session_a8ac74e1	1	1	1	ok	2048	2026-08-29	1	9569	261.6	1	1.0	1.0	20260907
tank_d3_fam03_ab_beh_k02	session_cb4f545c	1	1	1	ok	2048	2026-08-29	1	1207	41.6	1	1.0	1.0	20260907
tank_d3_fam03_ab_beh_k06	session_4abe9c0a	1	1	1	ok	2048	2026-08-29	1	3915	100.4	1	1.0	1.0	20260907
tank_d3_fam03_ab_beh_k12	session_0be6f4bd	1	1	1	ok	2048	2026-08-29	1	6364	170.7	1	1.0	1.0	20260907
tank_d3_fam03_ab_beh_k20	session_cb64dd95	1	1	1	ok	2048	2026-08-29	1	4327	155.1	1	1.0	1.0	20260907
tank_d3_fam03_ba_beh_k02	session_927f6f7e	1	1	1	ok	2048	2026-08-29	1	1921	54.4	1	1.0	1.0	20260907
tank_d3_fam03_ba_beh_k06	session_5701b48e	1	1	1	ok	2048	2026-08-29	1	3138	87.0	1	1.0	1.0	20260907
tank_d3_fam03_ba_beh_k12	session_90a2aa66	1	1	1	ok	2048	2026-08-29	1	3833	96.6	1	1.0	1.0	20260907
tank_d3_fam03_ba_beh_k20	session_6785c93b	1	1	1	ok	2048	2026-08-29	1	3285	116.0	1	1.0	1.0	20260907
tank_d3_fam04_ab_beh_k02	session_8ae4894d	1	1	1	ok	2048	2026-08-29	1	2526	65.0	1	1.0	1.0	20260907
tank_d3_fam04_ab_beh_k06	session_756f17e1	1	1	1	ok	2048	2026-08-29	1	1983	63.8	1	1.0	1.0	20260907
tank_d3_fam04_ab_beh_k12	session_c1f593f7	1	1	1	ok	2048	2026-08-29	1	2108	79.9	1	1.0	1.0	20260907
tank_d3_fam04_ab_beh_k20	session_a530e18e	1	1	1	ok	2048	2026-08-29	1	4873	142.1	1	1.0	1.0	20260907
tank_d3_fam04_ba_beh_k02	session_9922ccb6	1	1	1	ok	2048	2026-08-29	1	1450	28.6	1	1.0	1.0	20260907
tank_d3_fam04_ba_beh_k06	session_c054cc35	1	1	1	ok	2048	2026-08-29	1	1789	48.0	1	1.0	1.0	20260907
tank_d3_fam04_ba_beh_k12	session_3f94f0c1	1	1	1	ok	2048	2026-08-29	1	2854	80.6	1	1.0	1.0	20260907
tank_d3_fam04_ba_beh_k20	session_2ad135d1	1	1	1	ok	2048	2026-08-29	1	1755	66.0	1	1.0	1.0	20260907
tank_d3_fam05_ab_beh_k02	session_687a2bc9	1	1	1	ok	2048	2026-08-29	1	2469	57.5	1	1.0	1.0	20260907
tank_d3_fam05_ab_beh_k06	session_d75ab0d1	1	1	1	ok	2048	2026-08-29	1	4753	111.7	1	1.0	1.0	20260907
tank_d3_fam05_ab_beh_k12	session_a8be24a6	1	1	1	ok	2048	2026-08-29	1	3466	89.6	1	1.0	1.0	20260907
tank_d3_fam05_ab_beh_k20	session_54852260	1	1	1	ok	2048	2026-08-29	1	2654	116.2	1	1.0	1.0	20260907
tank_d3_fam05_ba_beh_k02	session_b0a1458c	1	1	1	ok	2048	2026-08-29	1	2892	69.9	1	1.0	1.0	20260907
tank_d3_fam05_ba_beh_k06	session_09d3e176	1	1	1	ok	2048	2026-08-29	1	2277	66.6	1	1.0	1.0	20260907
tank_d3_fam05_ba_beh_k12	session_c6b09e36	1	1	1	ok	2048	2026-08-29	1	2661	94.1	1	1.0	1.0	20260907
tank_d3_fam05_ba_beh_k20	session_7a07db93	1	1	1	ok	2048	2026-08-29	1	3800	154.4	1	1.0	1.0	20260907
tank_d3_fam06_ab_beh_k02	session_27c0370a	1	1	1	ok	2048	2026-08-29	1	2086	54.0	1	1.0	1.0	20260907
tank_d3_fam06_ab_beh_k06	session_464ca809	1	1	1	ok	2048	2026-08-29	1	5504	121.8	1	1.0	1.0	20260907
tank_d3_fam06_ab_beh_k12	session_c43cbe06	1	1	1	ok	2048	2026-08-29	1	1708	66.3	1	1.0	1.0	20260907
tank_d3_fam06_ab_beh_k20	session_c8e786cd	1	1	1	ok	2048	2026-08-29	1	2155	120.0	1	1.0	1.0	20260907
tank_d3_fam06_ba_beh_k02	session_2402fbfd	1	1	1	ok	2048	2026-08-29	1	1400	40.7	1	1.0	1.0	20260907
tank_d3_fam06_ba_beh_k06	session_c4eaccca	1	1	1	ok	2048	2026-08-29	1	2354	64.7	1	1.0	1.0	20260907
tank_d3_fam06_ba_beh_k12	session_6cbfb0a4	1	1	1	ok	2048	2026-08-29	1	2747	86.7	1	1.0	1.0	20260907
tank_d3_fam06_ba_beh_k20	session_d8647748	1	1	1	ok	2048	2026-08-29	1	4033	171.4	1	1.0	1.0	20260907
tank_d3_fam07_ab_beh_k02	session_a3fdaf10	1	1	1	ok	2048	2026-08-29	1	2225	67.7	1	1.0	1.0	20260907
tank_d3_fam07_ab_beh_k06	session_d0d7d91e	1	1	1	ok	2048	2026-08-29	1	2173	66.0	1	1.0	1.0	20260907
tank_d3_fam07_ab_beh_k12	session_dd065f7a	1	1	1	ok	2048	2026-08-29	1	2392	91.2	1	1.0	1.0	20260907
tank_d3_fam07_ab_beh_k20	session_48a48e24	1	1	1	ok	2048	2026-08-29	1	2020	128.3	1	1.0	1.0	20260907
tank_d3_fam07_ba_beh_k02	session_8246aecd	1	1	1	ok	2048	2026-08-29	1	2432	60.8	1	1.0	1.0	20260907
tank_d3_fam07_ba_beh_k06	session_a0050e5b	1	1	1	ok	2048	2026-08-29	1	3480	83.0	1	1.0	1.0	20260907
tank_d3_fam07_ba_beh_k12	session_aa37a23b	1	1	1	ok	2048	2026-08-29	1	2370	93.8	1	1.0	1.0	20260907
tank_d3_fam07_ba_beh_k20	session_1420917b	1	1	1	ok	2048	2026-08-29	1	4685	234.9	1	1.0	1.0	20260907
tank_d3_fam08_ab_beh_k02	session_587d58ae	1	1	1	ok	2048	2026-08-29	1	3573	96.9	1	1.0	1.0	20260907
tank_d3_fam08_ab_beh_k06	session_c522f055	1	1	1	ok	2048	2026-08-29	1	7482	155.4	1	1.0	1.0	20260907
tank_d3_fam08_ab_beh_k12	session_68deab42	1	1	1	ok	2048	2026-08-29	1	3233	124.4	1	1.0	1.0	20260907
tank_d3_fam08_ab_beh_k20	session_386a7059	1	1	1	ok	2048	2026-08-29	1	5571	249.3	1	1.0	1.0	20260907
tank_d3_fam08_ba_beh_k02	session_08eb043b	1	1	1	ok	2048	2026-08-29	1	1843	52.8	1	1.0	1.0	20260907
tank_d3_fam08_ba_beh_k06	session_7b4e7575	1	1	1	ok	2048	2026-08-29	1	3290	83.4	1	1.0	1.0	20260907
tank_d3_fam08_ba_beh_k12	session_dc928d60	1	1	1	ok	2048	2026-08-29	1	2573	82.5	1	1.0	1.0	20260907
tank_d3_fam08_ba_beh_k20	session_4905f4cf	1	1	1	ok	2048	2026-08-29	1	3616	159.3	1	1.0	1.0	20260907
tank_d3_fam09_ab_beh_k02	session_3b48648b	1	1	1	ok	2048	2026-08-29	1	2047	53.2	1	1.0	1.0	20260907
tank_d3_fam09_ab_beh_k06	session_5001074c	1	1	1	ok	2048	2026-08-29	1	2072	62.5	1	1.0	1.0	20260907
tank_d3_fam09_ab_beh_k12	session_56b7ba51	1	1	1	ok	2048	2026-08-29	1	2745	89.2	1	1.0	1.0	20260907
tank_d3_fam09_ab_beh_k20	session_cc741c3b	1	1	1	ok	2048	2026-08-29	1	2565	114.6	1	1.0	1.0	20260907
tank_d3_fam09_ba_beh_k02	session_1db079cf	1	1	1	ok	2048	2026-08-29	1	2854	63.0	1	1.0	1.0	20260907
tank_d3_fam09_ba_beh_k06	session_f8e9c44e	1	1	1	ok	2048	2026-08-29	1	2076	57.4	1	1.0	1.0	20260907
tank_d3_fam09_ba_beh_k12	session_0848a0cc	1	1	1	ok	2048	2026-08-29	1	5918	153.5	1	1.0	1.0	20260907
tank_d3_fam09_ba_beh_k20	session_d7c99a8c	1	1	1	ok	2048	2026-08-29	1	3663	144.1	1	1.0	1.0	20260907
tank_d3_fam10_ab_beh_k02	session_84624069	1	1	1	ok	2048	2026-08-29	1	3044	70.9	1	1.0	1.0	20260907
tank_d3_fam10_ab_beh_k06	session_749862f4	1	1	1	ok	2048	2026-08-29	1	2226	63.3	1	1.0	1.0	20260907
tank_d3_fam10_ab_beh_k12	session_c866f0be	1	1	1	ok	2048	2026-08-29	1	6213	195.3	1	1.0	1.0	20260907
tank_d3_fam10_ab_beh_k20	session_ecf6ca52	1	1	1	ok	2048	2026-08-29	1	3032	112.7	1	1.0	1.0	20260907
tank_d3_fam10_ba_beh_k02	session_652b8c64	1	1	1	ok	2048	2026-08-29	1	2843	64.9	1	1.0	1.0	20260907
tank_d3_fam10_ba_beh_k06	session_4c2da660	1	1	1	ok	2048	2026-08-29	1	2918	74.4	1	1.0	1.0	20260907
tank_d3_fam10_ba_beh_k12	session_7d0c03c9	1	1	1	ok	2048	2026-08-29	1	3785	121.4	1	1.0	1.0	20260907
tank_d3_fam10_ba_beh_k20	session_17059ab0	1	1	1	ok	2048	2026-08-29	1	2701	116.1	1	1.0	1.0	20260907
tank_d3_fam11_ab_beh_k02	session_c2952ab5	1	1	1	ok	2048	2026-08-29	1	4387	107.2	1	1.0	1.0	20260907
tank_d3_fam11_ab_beh_k06	session_ca59d157	1	1	1	ok	2048	2026-08-29	1	3209	82.6	1	1.0	1.0	20260907
tank_d3_fam11_ab_beh_k12	session_94ac5ebe	1	1	1	ok	2048	2026-08-29	1	4973	135.0	1	1.0	1.0	20260907
tank_d3_fam11_ab_beh_k20	session_d183ea80	1	1	1	ok	2048	2026-08-29	1	3296	118.9	1	1.0	1.0	20260907
tank_d3_fam11_ba_beh_k02	session_e3965763	1	1	1	ok	2048	2026-08-29	1	4320	105.0	1	1.0	1.0	20260907
tank_d3_fam11_ba_beh_k06	session_fe3da338	1	1	1	ok	2048	2026-08-29	1	4248	116.0	1	1.0	1.0	20260907
tank_d3_fam11_ba_beh_k12	session_e63170a0	1	1	1	ok	2048	2026-08-29	1	2951	100.9	1	1.0	1.0	20260907
tank_d3_fam11_ba_beh_k20	session_fd1e3b0a	1	1	1	ok	2048	2026-08-29	1	1809	77.9	1	1.0	1.0	20260907
tank_d4_fam00_a_beh_final	session_8871d817	1	1	1	ok	2048	2026-08-29	1	1211	65.2	1	1.0	1.0	20260907
tank_d4_fam00_b_beh_final	session_f3895cf3	1	1	1	ok	2048	2026-08-29	1	4907	188.8	1	1.0	1.0	20260907
tank_d4_fam02_a_beh_final	session_caa9830b	1	1	1	ok	2048	2026-08-29	1	1787	90.4	1	1.0	1.0	20260907
tank_d4_fam02_b_beh_final	session_f3ba8d24	1	1	1	ok	2048	2026-08-29	1	3173	113.5	1	1.0	1.0	20260907
tank_d4_fam04_a_beh_final	session_b1a32f1e	1	1	1	ok	2048	2026-08-29	1	1357	76.5	1	1.0	1.0	20260907
tank_d4_fam04_b_beh_final	session_9dc535fa	1	1	1	ok	2048	2026-08-29	1	1706	75.7	1	1.0	1.0	20260907
tank_d4_fam06_a_beh_final	session_e534fd6a	1	1	1	ok	2048	2026-08-29	1	2173	98.1	1	1.0	1.0	20260907
tank_d4_fam06_b_beh_final	session_b5a21628	1	1	1	ok	2048	2026-08-29	1	1773	84.4	1	1.0	1.0	20260907
tank_d4_fam08_a_beh_final	session_a525c47e	1	1	1	ok	2048	2026-08-29	1	2750	103.6	1	1.0	1.0	20260907
tank_d4_fam08_b_beh_final	session_29a25f02	1	1	1	ok	2048	2026-08-29	1	2304	130.6	1	1.0	1.0	20260907
tank_d4_fam10_a_beh_final	session_d1f0f81b	1	1	1	ok	2048	2026-08-29	1	1620	77.2	1	1.0	1.0	20260907
tank_d4_fam10_b_beh_final	session_7b561884	1	1	1	ok	2048	2026-08-29	1	881	55.1	1	1.0	1.0	20260907
