session	set	reason	bytes
session_000ae62a	tank_d3_fam02_ab_ck40	campaign_junk	119358391
session_025cbb67	tank_d4_fam08_b_ck30	campaign_junk	65374125
session_02dd436e	tank_d4_fam06_b_ck21	campaign_junk	7354522
session_05e0f322	tank_d4_fam10_b_ck40	campaign_junk	116051568
session_0713feb4	tank_d3_fam01_ab_ck40	campaign_junk	621
session_097ff043	tank_d3_fam08_ab_ck21	campaign_junk	9741726
session_0cb0fa1f	tank_d4_fam00_b_ck30	campaign_junk	6527
session_110aee42	tank_d3_fam08_ab_ck40	campaign_junk	131494107
session_12867419	tank_d3_fam07_ab_ck20	campaign_junk	56303908
session_12bd2d71	tank_d3_fam00_ba_ck40	campaign_junk	6536
session_1414c58c	tank_d3_fam09_ba_ck30	campaign_junk	62589332
session_154fa9d9	tank_d4_fam04_b_ck21	campaign_junk	8901089
session_16978342	tank_d3_fam00_ba_ck20	campaign_junk	6536
session_19f8feba	tank_d3_fam05_ba_ck20	campaign_junk	58187988
session_1aa920c7	tank_d3_fam07_ba_ck20	campaign_junk	55188456
session_1bd98d0e	tank_d3_fam10_ab_ck40	campaign_junk	122372143
session_1f0816d6	tank_d3_fam07_ab_ck21	campaign_junk	9182423
session_1f445b1b	tank_d4_fam04_a_ck30	campaign_junk	67882889
session_23d6ec62	tank_d3_fam00_ba_ck40	campaign_junk	6536
session_25620a6e	tank_d4_fam04_a_ck21	campaign_junk	8903815
session_2b85b749	tank_d3_fam05_ba_ck40	campaign_junk	130994564
session_2b92e082	tank_d3_fam06_ab_ck40	campaign_junk	131753429
session_2c460303	tank_d3_fam00_ab_ck30	campaign_junk	6536
session_2e9ad333	tank_d3_fam10_ab_ck20	campaign_junk	50449058
session_2eb38659	tank_d4_fam02_b_ck21	campaign_junk	10857012
session_2f0966be	tank_d3_fam04_ab_ck20	campaign_junk	53795514
session_33c70ea0	tank_d4_fam08_a_ck30	campaign_junk	62308433
session_37f22f5d	tank_d4_fam06_a_ck40	campaign_junk	131818150
session_3b8017ec	tank_d3_fam01_ab_ck20	campaign_junk	6536
session_3c6e58f2	tank_d3_fam10_ab_ck30	campaign_junk	62308976
session_3dc7bce0	tank_d3_fam06_ba_ck21	campaign_junk	7847171
session_409d5325	tank_d3_fam05_ba_ck30	campaign_junk	64884224
session_418d8064	tank_d3_fam09_ba_ck20	campaign_junk	55467109
session_4433b9ea	tank_d3_fam00_ab_ck20	campaign_junk	6536
session_44603066	tank_d3_fam07_ba_ck40	campaign_junk	140332537
session_47d46694	tank_d4_fam04_a_ck20	campaign_junk	51844807
session_48c619b3	tank_d3_fam03_ba_ck21	campaign_junk	10019816
session_490cd81d	tank_d3_fam09_ab_ck40	campaign_junk	131686910
session_4a7c263e	tank_d3_fam02_ba_ck21	campaign_junk	9739594
session_4ab3b54c	tank_d3_fam01_ab_ck20	campaign_junk	6536
session_4df95ff6	tank_d4_fam00_a_ck40	campaign_junk	6527
session_4f0b04c1	tank_d3_fam04_ba_ck40	campaign_junk	130101099
session_501cca32	tank_d4_fam00_b_ck20	campaign_junk	6527
session_50b3815e	tank_d3_fam11_ba_ck21	campaign_junk	8406559
session_50f2dda7	tank_d3_fam08_ba_ck21	campaign_junk	8409542
session_53424036	tank_d3_fam11_ab_ck40	campaign_junk	114943168
session_534a1c0b	tank_d4_fam10_a_ck21	campaign_junk	8127885
session_54361f93	tank_d3_fam05_ab_ck40	campaign_junk	135096322
session_545407ca	tank_d3_fam05_ab_ck20	campaign_junk	55187764
session_548426f4	tank_d3_fam10_ba_ck30	campaign_junk	61749335
session_55d263e1	tank_d3_fam10_ba_ck40	campaign_junk	121472857
session_56c7c1f9	tank_d3_fam06_ba_ck40	campaign_junk	123680947
session_5a639e2f	tank_d4_fam06_a_ck30	campaign_junk	68372878
session_5d8d8b41	tank_d3_fam00_ab_ck20	campaign_junk	6536
session_6652b069	tank_d4_fam02_b_ck30	campaign_junk	63423657
session_69e83082	tank_d3_fam00_ba_ck30	campaign_junk	6536
session_6bd5cbaf	tank_d3_fam07_ab_ck30	campaign_junk	65867420
session_6ec078ec	tank_d3_fam02_ba_ck20	campaign_junk	49613544
session_70e73f30	tank_d3_fam00_ab_ck40	campaign_junk	6536
session_7138188f	tank_d3_fam00_ba_ck30	campaign_junk	6536
session_71b94478	tank_d4_fam02_b_ck20	campaign_junk	52122688
session_723c608e	tank_d3_fam11_ba_ck40	campaign_junk	124346226
session_727b8c82	tank_d3_fam06_ab_ck21	campaign_junk	6789832
session_75636ed4	tank_d3_fam11_ab_ck20	campaign_junk	54628419
session_7622d933	tank_d3_fam11_ba_ck30	campaign_junk	59093839
session_771a4c22	tank_d4_fam06_b_ck30	campaign_junk	65586152
session_7cafa5f7	tank_d3_fam05_ba_ck21	campaign_junk	8689223
session_7d2b6ab1	tank_d3_fam00_ab_ck30	campaign_junk	6536
session_7f51d43a	tank_d4_fam04_b_ck30	campaign_junk	65650367
session_8406ad99	tank_d4_fam00_a_ck30	campaign_junk	6527
session_86001513	tank_d3_fam07_ab_ck40	campaign_junk	133421386
session_896f4a80	tank_d3_fam00_ab_ck40	campaign_junk	6536
session_8a86c782	tank_d4_fam00_b_ck30	campaign_junk	6527
session_8b267db3	tank_d3_fam03_ab_ck40	campaign_junk	133089264
session_8d19a0e4	tank_d4_fam00_a_ck30	campaign_junk	6527
session_8ee91ef5	tank_d4_fam00_a_ck20	campaign_junk	6527
session_8f383e09	tank_d4_fam06_a_ck21	campaign_junk	7848378
session_8ff79f1d	tank_d3_fam04_ab_ck21	campaign_junk	10579845
session_9241135b	tank_d3_fam10_ba_ck20	campaign_junk	50171856
session_95ff5bdf	tank_d3_fam01_ab_ck21	campaign_junk	8125093
session_9706e8fb	tank_d3_fam06_ab_ck30	campaign_junk	65585310
session_974b72fa	tank_d4_fam00_b_ck20	campaign_junk	6527
session_988eab96	tank_d3_fam08_ab_ck20	campaign_junk	57137619
session_9a500aa9	tank_d3_fam09_ab_ck20	campaign_junk	51285855
session_9b43ffa0	tank_d3_fam08_ba_ck20	campaign_junk	53237330
session_9beb0dec	tank_d3_fam03_ba_ck40	campaign_junk	119926260
session_9f738309	tank_d3_fam04_ba_ck30	campaign_junk	65093400
session_a01c6c4c	tank_d4_fam06_a_ck20	campaign_junk	59235180
session_a0f2b804	tank_d4_fam00_b_ck40	campaign_junk	6527
session_a4a89414	tank_d4_fam08_a_ck20	campaign_junk	54908832
session_a8b7fff4	tank_d3_fam08_ab_ck30	campaign_junk	67880955
session_a94fc5fe	tank_d3_fam03_ba_ck20	campaign_junk	53794382
session_aa2384f6	tank_d4_fam06_b_ck40	campaign_junk	125417611
session_ab17f9a5	tank_d3_fam05_ab_ck30	campaign_junk	65931755
session_ade16a6d	tank_d3_fam04_ab_ck30	campaign_junk	59030835
session_ae3236f7	tank_d3_fam03_ab_ck20	campaign_junk	46333639
session_b1e933b8	tank_d4_fam08_b_ck20	campaign_junk	54351308
session_b3748368	tank_d4_fam04_a_ck40	campaign_junk	134761696
session_b41cb3f4	tank_d4_fam08_b_ck40	campaign_junk	135096029
session_b8c423b1	tank_d4_fam08_a_ck21	campaign_junk	7075543
session_b9fc09d0	tank_d3_fam07_ba_ck30	campaign_junk	71168206
session_ba8c06b2	tank_d3_fam06_ab_ck20	campaign_junk	50171138
session_bbca7083	tank_d3_fam03_ab_ck30	campaign_junk	66978766
session_bd2daa0c	tank_d3_fam09_ba_ck21	campaign_junk	10300520
session_bdb34d29	tank_d4_fam06_b_ck20	campaign_junk	56024437
session_be29a8a9	tank_d3_fam09_ba_ck40	campaign_junk	123955753
session_be9b721d	tank_d4_fam00_b_ck40	campaign_junk	6527
session_c02d6b4a	tank_d4_fam10_a_ck30	campaign_junk	63979379
session_c4451d29	tank_d3_fam02_ba_ck30	campaign_junk	67600678
session_c65e7db2	tank_d4_fam08_b_ck21	campaign_junk	8905143
session_c916b913	tank_d3_fam04_ba_ck21	campaign_junk	8901068
session_cba8f8db	tank_d4_fam02_a_ck40	campaign_junk	124016501
session_ce8f86a3	tank_d4_fam04_b_ck40	campaign_junk	127911495
session_d2d962e2	tank_d3_fam11_ab_ck30	campaign_junk	61258769
session_d3055e7e	tank_d4_fam08_a_ck40	campaign_junk	125685804
session_d344cc23	tank_d4_fam00_a_ck40	campaign_junk	6527
session_d36b9f1a	tank_d3_fam01_ab_ck30	campaign_junk	6536
session_d4d47971	tank_d3_fam09_ab_ck30	campaign_junk	66142431
session_d5f871e4	tank_d3_fam10_ba_ck21	campaign_junk	10857246
session_d6449ab7	tank_d4_fam02_b_ck40	campaign_junk	121581513
session_dad762b9	tank_d4_fam10_a_ck20	campaign_junk	52958006
session_dcd88b72	tank_d3_fam03_ab_ck21	campaign_junk	10017538
session_df5173f9	tank_d4_fam00_a_ck20	campaign_junk	6527
session_e2096d34	tank_d3_fam06_ba_ck30	campaign_junk	62587030
session_e2aafa0c	tank_d3_fam02_ab_ck30	campaign_junk	60146150
session_e463b14a	tank_d3_fam00_ba_ck20	campaign_junk	6536
session_e561d696	tank_d3_fam04_ba_ck20	campaign_junk	41448482
session_e7b55ae3	tank_d4_fam10_b_ck20	campaign_junk	47727930
session_e8908816	tank_d3_fam06_ba_ck20	campaign_junk	54910413
session_e99e819d	tank_d3_fam03_ba_ck30	campaign_junk	63980709
session_ea576261	tank_d3_fam04_ab_ck40	campaign_junk	110962961
session_ec3068d6	tank_d3_fam11_ba_ck20	campaign_junk	44939860
session_edf61983	tank_d4_fam10_b_ck21	campaign_junk	8686543
session_ee746e0b	tank_d4_fam02_a_ck20	campaign_junk	52121857
session_eee1a369	tank_d3_fam08_ba_ck40	campaign_junk	133726662
session_f01d4f34	tank_d3_fam07_ba_ck21	campaign_junk	8128142
session_f3b37c3c	tank_d4_fam02_a_ck21	campaign_junk	8618281
session_f4faf46f	tank_d3_fam11_ab_ck21	campaign_junk	8687898
session_f5697810	tank_d4_fam04_b_ck20	campaign_junk	44383562
session_f59ee1ab	tank_d4_fam02_a_ck30	campaign_junk	61471190
session_f5d66ac2	tank_d3_fam08_ba_ck30	campaign_junk	66489053
session_f6dd51d6	tank_d4_fam10_b_ck30	campaign_junk	59029460
session_f983c493	tank_d4_fam10_a_ck40	campaign_junk	124016542
session_f9f168b2	tank_d3_fam10_ab_ck21	campaign_junk	9459679
session_fd6380cc	tank_d3_fam05_ab_ck21	campaign_junk	7847603
session_fe066cfd	tank_d3_fam09_ab_ck21	campaign_junk	8126473
session_fec7acee	tank_d3_fam02_ba_ck40	campaign_junk	130137857
session_0a3431c8	none	preexisting_empty	582
session_8b2a9759	suicide_letter_temporal_v1	preexisting_empty	606
session_41e656ce	suicide_letter_temporal_v5_cooking_craft	preexisting_empty	650
session_63a14be7	suicide_letter_temporal_v5_music_craft	preexisting_empty	646
session_b9058489	suicide_letter_temporal_v5_programming_craft	preexisting_empty	658
session_85fb61ca	suicide_letter_paraphrase_v5_writing_craft_n20	preexisting_empty	6332
session_977625b9	suicide_letter_paraphrase_v5_writing_craft_n10	preexisting_empty	6332
