set	session	probes	status
tank_q1b_d3_fam00_ab	session_072c4c73	40	ok
tank_q1b_d3_fam00_ba	session_0b3cf2fc	40	ok
tank_q1b_d3_fam02_ab	session_b5fdd60d	40	ok
tank_q1b_d3_fam02_ba	session_4bc3ba90	40	ok
tank_q1b_d3_fam04_ab	session_3bb9cc58	40	ok
tank_q1b_d3_fam04_ba	session_6a93abb4	40	ok
tank_q1b_d3_fam06_ab	session_d0616a39	40	ok
tank_q1b_d3_fam06_ba	session_ba511d98	40	ok
tank_q1b_d3_fam08_ab	session_ecf2ff95	40	ok
tank_q1b_d3_fam08_ba	session_c2686c1a	40	ok
tank_q1b_d3_fam10_ab	session_f154f9ff	40	ok
tank_q1b_d3_fam10_ba	session_071efff7	40	ok
tank_q1b_d4_fam00_a	session_0eaf3dae	40	ok
tank_q1b_d4_fam00_b	session_25a50076	40	ok
tank_q1b_d4_fam02_a	session_a7c48eda	40	ok
tank_q1b_d4_fam02_b	session_5e0eede4	40	ok
tank_q1b_d4_fam04_a	session_87dbdd7f	40	ok
tank_q1b_d4_fam04_b	session_87009e5d	40	ok
